Borehole_ID,Photo_ID,Lithology_Description,Spacing_Ln_cm,Ratio_r
A-ZK-001,Image_20251227112521.jpg,Au-Quartz Vein Swarm,0.82,1.6735
A-ZK-001,Image_20251227112521.jpg,Au-Quartz Vein Swarm,0.49,0.148
A-ZK-001,Image_20251227112521.jpg,Au-Quartz Vein Swarm,3.31,0.943
A-ZK-001,Image_20251227112521.jpg,Au-Quartz Vein Swarm,3.51,0.6855
A-ZK-001,Image_20251227112522.jpg,Au-Quartz Vein Swarm,5.12,1.1991
A-ZK-001,Image_20251227112522.jpg,Au-Quartz Vein Swarm,4.27,1.1828
A-ZK-001,Image_20251227112522.jpg,Au-Quartz Vein Swarm,3.61,2.3595
A-ZK-001,Image_20251227112522.jpg,Au-Quartz Vein Swarm,1.53,0.4461
A-ZK-001,Image_20251227112523.jpg,Au-Quartz Vein Swarm,3.43,0.9528
A-ZK-001,Image_20251227112523.jpg,Au-Quartz Vein Swarm,3.6,2.4324
A-ZK-001,Image_20251227112523.jpg,Au-Quartz Vein Swarm,1.48,0.1496
A-ZK-001,Image_20251227112523.jpg,Au-Quartz Vein Swarm,9.89,2.4005
A-ZK-001,Image_20251227112524.jpg,Au-Quartz Vein Swarm,4.12,3.6786
A-ZK-001,Image_20251227112524.jpg,Au-Quartz Vein Swarm,1.12,0.2179
A-ZK-001,Image_20251227112524.jpg,Au-Quartz Vein Swarm,5.14,0.8893
A-ZK-001,Image_20251227112524.jpg,Au-Quartz Vein Swarm,5.78,1.467
A-ZK-001,Image_20251227112525.jpg,Au-Quartz Vein Swarm,3.94,1.7056
A-ZK-001,Image_20251227112525.jpg,Au-Quartz Vein Swarm,2.31,1.6268
A-ZK-001,Image_20251227112525.jpg,Au-Quartz Vein Swarm,1.42,0.5318
A-ZK-001,Image_20251227112525.jpg,Au-Quartz Vein Swarm,2.67,0.7158
A-ZK-001,Image_20251227112526.jpg,Au-Quartz Vein Swarm,3.73,1.2951
A-ZK-001,Image_20251227112526.jpg,Au-Quartz Vein Swarm,2.88,0.3678
A-ZK-001,Image_20251227112526.jpg,Au-Quartz Vein Swarm,7.83,1.7059
A-ZK-001,Image_20251227112526.jpg,Au-Quartz Vein Swarm,4.59,3.6142
A-ZK-001,Image_20251227112527.jpg,Au-Quartz Vein Swarm,1.27,1.27
A-ZK-001,Image_20251227112527.jpg,Au-Quartz Vein Swarm,1.0,0.241
A-ZK-001,Image_20251227112527.jpg,Au-Quartz Vein Swarm,4.15,1.7585
A-ZK-001,Image_20251227112527.jpg,Au-Quartz Vein Swarm,2.36,0.4826
A-ZK-001,Image_20251227112528.jpg,Au-Quartz Vein Swarm,4.89,1.1869
A-ZK-001,Image_20251227112528.jpg,Au-Quartz Vein Swarm,4.12,1.5373
A-ZK-001,Image_20251227112528.jpg,Au-Quartz Vein Swarm,2.68,2.0775
A-ZK-001,Image_20251227112528.jpg,Au-Quartz Vein Swarm,1.29,2.2632
A-ZK-001,Image_20251227112529.jpg,Au-Quartz Vein Swarm,0.57,0.1681
A-ZK-001,Image_20251227112529.jpg,Au-Quartz Vein Swarm,3.39,4.1852
A-ZK-001,Image_20251227112529.jpg,Au-Quartz Vein Swarm,0.81,0.6532
A-ZK-001,Image_20251227112529.jpg,Au-Quartz Vein Swarm,1.24,0.3839
A-ZK-001,Image_20251227112530.jpg,Au-Quartz Vein Swarm,3.23,1.0803
A-ZK-001,Image_20251227112530.jpg,Au-Quartz Vein Swarm,2.99,3.25
A-ZK-001,Image_20251227112530.jpg,Au-Quartz Vein Swarm,0.92,0.1474
A-ZK-001,Image_20251227112530.jpg,Au-Quartz Vein Swarm,6.24,1.0196
A-ZK-001,Image_20251227112531.jpg,Au-Quartz Vein Swarm,6.12,1.4434
A-ZK-001,Image_20251227112531.jpg,Au-Quartz Vein Swarm,4.24,1.0
A-ZK-001,Image_20251227112531.jpg,Au-Quartz Vein Swarm,4.24,1.0
A-ZK-001,Image_20251227112531.jpg,Au-Quartz Vein Swarm,4.24,0.7387
A-ZK-001,Image_20251227112532.jpg,Au-Quartz Vein Swarm,5.74,1.2265
A-ZK-001,Image_20251227112532.jpg,Au-Quartz Vein Swarm,4.68,3.3669
A-ZK-001,Image_20251227112532.jpg,Au-Quartz Vein Swarm,1.39,0.5966
A-ZK-001,Image_20251227112532.jpg,Au-Quartz Vein Swarm,2.33,0.1863
A-ZK-001,Image_20251227112533.jpg,Au-Quartz Vein Swarm,12.51,37.9091
A-ZK-001,Image_20251227112533.jpg,Au-Quartz Vein Swarm,0.33,0.1755
A-ZK-001,Image_20251227112533.jpg,Au-Quartz Vein Swarm,1.88,0.3003
A-ZK-001,Image_20251227112533.jpg,Au-Quartz Vein Swarm,6.26,4.2297
A-ZK-001,Image_20251227112534.jpg,Au-Quartz Vein Swarm,1.48,0.3103
A-ZK-001,Image_20251227112534.jpg,Au-Quartz Vein Swarm,4.77,1.6115
A-ZK-001,Image_20251227112534.jpg,Au-Quartz Vein Swarm,2.96,1.8734
A-ZK-001,Image_20251227112534.jpg,Au-Quartz Vein Swarm,1.58,6.32
A-ZK-001,Image_20251227112535.jpg,Au-Quartz Vein Swarm,0.25,0.0755
A-ZK-001,Image_20251227112535.jpg,Au-Quartz Vein Swarm,3.31,2.4338
A-ZK-001,Image_20251227112535.jpg,Au-Quartz Vein Swarm,1.36,0.5251
A-ZK-001,Image_20251227112535.jpg,Au-Quartz Vein Swarm,2.59,0.6152
A-ZK-001,Image_20251227112536.jpg,Au-Quartz Vein Swarm,4.21,0.7782
A-ZK-001,Image_20251227112536.jpg,Au-Quartz Vein Swarm,5.41,2.893
A-ZK-001,Image_20251227112536.jpg,Au-Quartz Vein Swarm,1.87,1.1911
A-ZK-001,Image_20251227112536.jpg,Au-Quartz Vein Swarm,1.57,1.9873
A-ZK-001,Image_20251227112537.jpg,Au-Quartz Vein Swarm,0.79,0.1408
A-ZK-001,Image_20251227112537.jpg,Au-Quartz Vein Swarm,5.61,0.4947
A-ZK-001,Image_20251227112537.jpg,Au-Quartz Vein Swarm,11.34,1.8775
A-ZK-001,Image_20251227112537.jpg,Au-Quartz Vein Swarm,6.04,0.8629
A-ZK-001,Image_20251227112538.jpg,Au-Quartz Vein Swarm,7.0,4.698
A-ZK-001,Image_20251227112538.jpg,Au-Quartz Vein Swarm,1.49,0.3697
A-ZK-001,Image_20251227112538.jpg,Au-Quartz Vein Swarm,4.03,0.7917
A-ZK-001,Image_20251227112538.jpg,Au-Quartz Vein Swarm,5.09,4.8019
A-ZK-001,Image_20251227112539.jpg,Au-Quartz Vein Swarm,1.06,0.1221
A-ZK-001,Image_20251227112539.jpg,Au-Quartz Vein Swarm,8.68,13.5625
A-ZK-001,Image_20251227112539.jpg,Au-Quartz Vein Swarm,0.64,0.0824
A-ZK-001,Image_20251227112539.jpg,Au-Quartz Vein Swarm,7.77,12.3333
A-ZK-001,Image_20251227112540.jpg,Au-Quartz Vein Swarm,0.63,0.5676
A-ZK-001,Image_20251227112540.jpg,Au-Quartz Vein Swarm,1.11,0.2721
A-ZK-001,Image_20251227112540.jpg,Au-Quartz Vein Swarm,4.08,1.351
A-ZK-001,Image_20251227112540.jpg,Au-Quartz Vein Swarm,3.02,1.4804
A-ZK-001,Image_20251227112541.jpg,Au-Quartz Vein Swarm,2.04,0.2414
A-ZK-001,Image_20251227112541.jpg,Au-Quartz Vein Swarm,8.45,10.3049
A-ZK-001,Image_20251227112541.jpg,Au-Quartz Vein Swarm,0.82,0.3267
A-ZK-001,Image_20251227112541.jpg,Au-Quartz Vein Swarm,2.51,0.5615
A-ZK-001,Image_20251227112542.jpg,Au-Quartz Vein Swarm,4.47,1.2521
A-ZK-001,Image_20251227112542.jpg,Au-Quartz Vein Swarm,3.57,2.2037
A-ZK-001,Image_20251227112542.jpg,Au-Quartz Vein Swarm,1.62,0.9643
A-ZK-001,Image_20251227112542.jpg,Au-Quartz Vein Swarm,1.68,0.3134
A-ZK-001,Image_20251227112543.jpg,Au-Quartz Vein Swarm,5.36,0.9675
A-ZK-001,Image_20251227112543.jpg,Au-Quartz Vein Swarm,5.54,1.522
A-ZK-001,Image_20251227112543.jpg,Au-Quartz Vein Swarm,3.64,2.7786
A-ZK-001,Image_20251227112543.jpg,Au-Quartz Vein Swarm,1.31,0.7572
A-ZK-001,Image_20251227112544.jpg,Au-Quartz Vein Swarm,1.73,0.6179
A-ZK-001,Image_20251227112544.jpg,Au-Quartz Vein Swarm,2.8,0.8917
A-ZK-001,Image_20251227112544.jpg,Au-Quartz Vein Swarm,3.14,0.7235
A-ZK-001,Image_20251227112544.jpg,Au-Quartz Vein Swarm,4.34,1.8083
A-ZK-001,Image_20251227112545.jpg,Au-Quartz Vein Swarm,2.4,0.4554
A-ZK-001,Image_20251227112545.jpg,Au-Quartz Vein Swarm,5.27,1.0076
A-ZK-001,Image_20251227112545.jpg,Au-Quartz Vein Swarm,5.23,0.7304
A-ZK-001,Image_20251227112545.jpg,Au-Quartz Vein Swarm,7.16,2.469
A-ZK-001,Image_20251227112546.jpg,Au-Quartz Vein Swarm,2.9,0.7859
A-ZK-001,Image_20251227112546.jpg,Au-Quartz Vein Swarm,3.69,1.4414
A-ZK-001,Image_20251227112546.jpg,Au-Quartz Vein Swarm,2.56,1.9248
A-ZK-001,Image_20251227112546.jpg,Au-Quartz Vein Swarm,1.33,0.1192
A-ZK-001,Image_20251227112547.jpg,Au-Quartz Vein Swarm,11.16,1.7064
A-ZK-001,Image_20251227112547.jpg,Au-Quartz Vein Swarm,6.54,1.2699
A-ZK-001,Image_20251227112547.jpg,Au-Quartz Vein Swarm,5.15,1.8262
A-ZK-001,Image_20251227112547.jpg,Au-Quartz Vein Swarm,2.82,2.3115
A-ZK-001,Image_20251227112548.jpg,Au-Quartz Vein Swarm,1.22,0.2096
A-ZK-001,Image_20251227112548.jpg,Au-Quartz Vein Swarm,5.82,2.3095
A-ZK-001,Image_20251227112548.jpg,Au-Quartz Vein Swarm,2.52,0.6396
A-ZK-001,Image_20251227112548.jpg,Au-Quartz Vein Swarm,3.94,2.2907
A-ZK-001,Image_20251227112549.jpg,Au-Quartz Vein Swarm,1.72,0.4957
A-ZK-001,Image_20251227112549.jpg,Au-Quartz Vein Swarm,3.47,1.9066
A-ZK-001,Image_20251227112549.jpg,Au-Quartz Vein Swarm,1.82,0.9681
A-ZK-001,Image_20251227112549.jpg,Au-Quartz Vein Swarm,1.88,0.5481
A-ZK-001,Image_20251227112550.jpg,Au-Quartz Vein Swarm,3.43,5.5323
A-ZK-001,Image_20251227112550.jpg,Au-Quartz Vein Swarm,0.62,0.9394
A-ZK-001,Image_20251227112550.jpg,Au-Quartz Vein Swarm,0.66,0.449
A-ZK-001,Image_20251227112550.jpg,Au-Quartz Vein Swarm,1.47,0.6176
A-ZK-001,Image_20251227112551.jpg,Au-Quartz Vein Swarm,2.38,0.4416
A-ZK-001,Image_20251227112551.jpg,Au-Quartz Vein Swarm,5.39,2.1647
A-ZK-001,Image_20251227112551.jpg,Au-Quartz Vein Swarm,2.49,0.8861
A-ZK-001,Image_20251227112551.jpg,Au-Quartz Vein Swarm,2.81,1.2658
A-ZK-001,Image_20251227112552.jpg,Au-Quartz Vein Swarm,2.22,0.6033
A-ZK-001,Image_20251227112552.jpg,Au-Quartz Vein Swarm,3.68,2.8092
A-ZK-001,Image_20251227112552.jpg,Au-Quartz Vein Swarm,1.31,0.5038
A-ZK-001,Image_20251227112552.jpg,Au-Quartz Vein Swarm,2.6,0.665
A-ZK-001,Image_20251227112553.jpg,Au-Quartz Vein Swarm,3.91,1.1466
A-ZK-001,Image_20251227112553.jpg,Au-Quartz Vein Swarm,3.41,1.184
A-ZK-001,Image_20251227112553.jpg,Au-Quartz Vein Swarm,2.88,0.9897
A-ZK-001,Image_20251227112553.jpg,Au-Quartz Vein Swarm,2.91,0.6945
A-ZK-001,Image_20251227112554.jpg,Au-Quartz Vein Swarm,4.19,0.3637
A-ZK-001,Image_20251227112554.jpg,Au-Quartz Vein Swarm,11.52,8.2286
A-ZK-001,Image_20251227112554.jpg,Au-Quartz Vein Swarm,1.4,0.1193
A-ZK-001,Image_20251227112554.jpg,Au-Quartz Vein Swarm,11.74,8.7612
A-ZK-001,Image_20251227112555.jpg,Au-Quartz Vein Swarm,1.34,6.7
A-ZK-001,Image_20251227112555.jpg,Au-Quartz Vein Swarm,0.2,0.1124
A-ZK-001,Image_20251227112555.jpg,Au-Quartz Vein Swarm,1.78,0.4772
A-ZK-001,Image_20251227112555.jpg,Au-Quartz Vein Swarm,3.73,0.3753
A-ZK-001,Image_20251227112556.jpg,Au-Quartz Vein Swarm,9.94,8.1475
A-ZK-001,Image_20251227112556.jpg,Au-Quartz Vein Swarm,1.22,0.2926
A-ZK-001,Image_20251227112556.jpg,Au-Quartz Vein Swarm,4.17,5.6351
A-ZK-001,Image_20251227112556.jpg,Au-Quartz Vein Swarm,0.74,0.0763
A-ZK-001,Image_20251227112557.jpg,Au-Quartz Vein Swarm,9.7,1.463
A-ZK-001,Image_20251227112557.jpg,Au-Quartz Vein Swarm,6.63,3.5266
A-ZK-001,Image_20251227112557.jpg,Au-Quartz Vein Swarm,1.88,0.2547
A-ZK-001,Image_20251227112557.jpg,Au-Quartz Vein Swarm,7.38,2.8494
A-ZK-001,Image_20251227112558.jpg,Au-Quartz Vein Swarm,2.59,0.377
A-ZK-001,Image_20251227112558.jpg,Au-Quartz Vein Swarm,6.87,2.4021
A-ZK-001,Image_20251227112558.jpg,Au-Quartz Vein Swarm,2.86,0.9662
A-ZK-001,Image_20251227112558.jpg,Au-Quartz Vein Swarm,2.96,1.5417
A-ZK-001,Image_20251227112559.jpg,Au-Quartz Vein Swarm,1.92,0.4192
A-ZK-001,Image_20251227112559.jpg,Au-Quartz Vein Swarm,4.58,1.4586
A-ZK-001,Image_20251227112559.jpg,Au-Quartz Vein Swarm,3.14,0.7406
A-ZK-001,Image_20251227112559.jpg,Au-Quartz Vein Swarm,4.24,7.7091
A-ZK-001,Image_20251227112560.jpg,Au-Quartz Vein Swarm,0.55,0.0781
A-ZK-001,Image_20251227112560.jpg,Au-Quartz Vein Swarm,7.04,0.8492
A-ZK-001,Image_20251227112560.jpg,Au-Quartz Vein Swarm,8.29,2.6486
A-ZK-001,Image_20251227112560.jpg,Au-Quartz Vein Swarm,3.13,0.2851
A-ZK-001,Image_20251227112561.jpg,Au-Quartz Vein Swarm,10.98,1.1806
A-ZK-001,Image_20251227112561.jpg,Au-Quartz Vein Swarm,9.3,1.9957
A-ZK-001,Image_20251227112561.jpg,Au-Quartz Vein Swarm,4.66,0.6263
A-ZK-001,Image_20251227112561.jpg,Au-Quartz Vein Swarm,7.44,1.2117
A-ZK-001,Image_20251227112562.jpg,Au-Quartz Vein Swarm,6.14,15.7436
A-ZK-001,Image_20251227112562.jpg,Au-Quartz Vein Swarm,0.39,0.1726
A-ZK-001,Image_20251227112562.jpg,Au-Quartz Vein Swarm,2.26,0.4612
A-ZK-001,Image_20251227112562.jpg,Au-Quartz Vein Swarm,4.9,0.5658
A-ZK-001,Image_20251227112563.jpg,Au-Quartz Vein Swarm,8.66,12.7353
A-ZK-001,Image_20251227112563.jpg,Au-Quartz Vein Swarm,0.68,1.5814
A-ZK-001,Image_20251227112563.jpg,Au-Quartz Vein Swarm,0.43,0.1581
A-ZK-001,Image_20251227112563.jpg,Au-Quartz Vein Swarm,2.72,11.8261
A-ZK-001,Image_20251227112564.jpg,Au-Quartz Vein Swarm,0.23,0.0868
A-ZK-001,Image_20251227112564.jpg,Au-Quartz Vein Swarm,2.65,0.6955
A-ZK-001,Image_20251227112564.jpg,Au-Quartz Vein Swarm,3.81,3.2845
A-ZK-001,Image_20251227112564.jpg,Au-Quartz Vein Swarm,1.16,0.428
A-ZK-001,Image_20251227112565.jpg,Au-Quartz Vein Swarm,2.71,0.4721
A-ZK-001,Image_20251227112565.jpg,Au-Quartz Vein Swarm,5.74,3.2247
A-ZK-001,Image_20251227112565.jpg,Au-Quartz Vein Swarm,1.78,1.3088
A-ZK-001,Image_20251227112565.jpg,Au-Quartz Vein Swarm,1.36,0.5211
A-ZK-001,Image_20251227112566.jpg,Au-Quartz Vein Swarm,2.61,2.5096
A-ZK-001,Image_20251227112566.jpg,Au-Quartz Vein Swarm,1.04,0.0997
A-ZK-001,Image_20251227112566.jpg,Au-Quartz Vein Swarm,10.43,3.5476
A-ZK-001,Image_20251227112566.jpg,Au-Quartz Vein Swarm,2.94,1.96
A-ZK-001,Image_20251227112567.jpg,Au-Quartz Vein Swarm,1.5,0.4425
A-ZK-001,Image_20251227112567.jpg,Au-Quartz Vein Swarm,3.39,1.3038
A-ZK-001,Image_20251227112567.jpg,Au-Quartz Vein Swarm,2.6,1.1017
A-ZK-001,Image_20251227112567.jpg,Au-Quartz Vein Swarm,2.36,1.3258
A-ZK-001,Image_20251227112568.jpg,Au-Quartz Vein Swarm,1.78,1.0471
A-ZK-001,Image_20251227112568.jpg,Au-Quartz Vein Swarm,1.7,3.0357
A-ZK-001,Image_20251227112568.jpg,Au-Quartz Vein Swarm,0.56,0.0754
A-ZK-001,Image_20251227112568.jpg,Au-Quartz Vein Swarm,7.43,1.6734
A-ZK-001,Image_20251227112569.jpg,Au-Quartz Vein Swarm,4.44,1.2164
A-ZK-001,Image_20251227112569.jpg,Au-Quartz Vein Swarm,3.65,1.4258
A-ZK-001,Image_20251227112569.jpg,Au-Quartz Vein Swarm,2.56,2.2456
A-ZK-001,Image_20251227112569.jpg,Au-Quartz Vein Swarm,1.14,0.8028
A-ZK-001,Image_20251227112570.jpg,Au-Quartz Vein Swarm,1.42,2.2188
A-ZK-001,Image_20251227112570.jpg,Au-Quartz Vein Swarm,0.64,0.4051
A-ZK-001,Image_20251227112570.jpg,Au-Quartz Vein Swarm,1.58,1.596
A-ZK-001,Image_20251227112570.jpg,Au-Quartz Vein Swarm,0.99,0.1105
A-ZK-001,Image_20251227112571.jpg,Au-Quartz Vein Swarm,8.96,1.638
A-ZK-001,Image_20251227112571.jpg,Au-Quartz Vein Swarm,5.47,1.7993
A-ZK-001,Image_20251227112571.jpg,Au-Quartz Vein Swarm,3.04,2.3937
A-ZK-001,Image_20251227112571.jpg,Au-Quartz Vein Swarm,1.27,1.2212
A-ZK-001,Image_20251227112572.jpg,Au-Quartz Vein Swarm,1.04,0.428
A-ZK-001,Image_20251227112572.jpg,Au-Quartz Vein Swarm,2.43,0.4309
A-ZK-001,Image_20251227112572.jpg,Au-Quartz Vein Swarm,5.64,8.5455
A-ZK-001,Image_20251227112572.jpg,Au-Quartz Vein Swarm,0.66,0.1503
A-ZK-001,Image_20251227112573.jpg,Au-Quartz Vein Swarm,4.39,2.7785
A-ZK-001,Image_20251227112573.jpg,Au-Quartz Vein Swarm,1.58,0.8541
A-ZK-001,Image_20251227112573.jpg,Au-Quartz Vein Swarm,1.85,0.6229
A-ZK-001,Image_20251227112573.jpg,Au-Quartz Vein Swarm,2.97,2.2672
A-ZK-001,Image_20251227112574.jpg,Au-Quartz Vein Swarm,1.31,0.5622
A-ZK-001,Image_20251227112574.jpg,Au-Quartz Vein Swarm,2.33,1.9417
A-ZK-001,Image_20251227112574.jpg,Au-Quartz Vein Swarm,1.2,0.7059
A-ZK-001,Image_20251227112574.jpg,Au-Quartz Vein Swarm,1.7,0.338
A-ZK-001,Image_20251227112575.jpg,Au-Quartz Vein Swarm,5.03,1.6278
A-ZK-001,Image_20251227112575.jpg,Au-Quartz Vein Swarm,3.09,0.6168
A-ZK-001,Image_20251227112575.jpg,Au-Quartz Vein Swarm,5.01,3.2115
A-ZK-001,Image_20251227112575.jpg,Au-Quartz Vein Swarm,1.56,0.3529
A-ZK-001,Image_20251227112576.jpg,Au-Quartz Vein Swarm,4.42,9.2083
A-ZK-001,Image_20251227112576.jpg,Au-Quartz Vein Swarm,0.48,0.1616
A-ZK-001,Image_20251227112576.jpg,Au-Quartz Vein Swarm,2.97,0.6401
A-ZK-001,Image_20251227112576.jpg,Au-Quartz Vein Swarm,4.64,10.087
A-ZK-001,Image_20251227112577.jpg,Au-Quartz Vein Swarm,0.46,0.2911
A-ZK-001,Image_20251227112577.jpg,Au-Quartz Vein Swarm,1.58,0.5338
A-ZK-001,Image_20251227112577.jpg,Au-Quartz Vein Swarm,2.96,0.4983
A-ZK-001,Image_20251227112577.jpg,Au-Quartz Vein Swarm,5.94,3.4941
A-ZK-001,Image_20251227112578.jpg,Au-Quartz Vein Swarm,1.7,0.3963
A-ZK-001,Image_20251227112578.jpg,Au-Quartz Vein Swarm,4.29,0.5521
A-ZK-001,Image_20251227112578.jpg,Au-Quartz Vein Swarm,7.77,1.75
A-ZK-001,Image_20251227112578.jpg,Au-Quartz Vein Swarm,4.44,1.85
A-ZK-001,Image_20251227112579.jpg,Au-Quartz Vein Swarm,2.4,0.6283
A-ZK-001,Image_20251227112579.jpg,Au-Quartz Vein Swarm,3.82,2.3152
A-ZK-001,Image_20251227112579.jpg,Au-Quartz Vein Swarm,1.65,0.5392
A-ZK-001,Image_20251227112579.jpg,Au-Quartz Vein Swarm,3.06,1.224
A-ZK-001,Image_20251227112580.jpg,Au-Quartz Vein Swarm,2.5,0.672
A-ZK-001,Image_20251227112580.jpg,Au-Quartz Vein Swarm,3.72,1.8693
A-ZK-001,Image_20251227112580.jpg,Au-Quartz Vein Swarm,1.99,0.5116
A-ZK-001,Image_20251227112580.jpg,Au-Quartz Vein Swarm,3.89,1.9746
A-ZK-001,Image_20251227112581.jpg,Au-Quartz Vein Swarm,1.97,0.3628
A-ZK-001,Image_20251227112581.jpg,Au-Quartz Vein Swarm,5.43,2.5256
A-ZK-001,Image_20251227112581.jpg,Au-Quartz Vein Swarm,2.15,8.9583
A-ZK-001,Image_20251227112581.jpg,Au-Quartz Vein Swarm,0.24,0.2222
A-ZK-001,Image_20251227112582.jpg,Au-Quartz Vein Swarm,1.08,0.3724
A-ZK-001,Image_20251227112582.jpg,Au-Quartz Vein Swarm,2.9,0.3258
A-ZK-001,Image_20251227112582.jpg,Au-Quartz Vein Swarm,8.9,1.6856
A-ZK-001,Image_20251227112582.jpg,Au-Quartz Vein Swarm,5.28,31.0588
A-ZK-001,Image_20251227112583.jpg,Au-Quartz Vein Swarm,0.17,0.2881
A-ZK-001,Image_20251227112583.jpg,Au-Quartz Vein Swarm,0.59,0.091
A-ZK-001,Image_20251227112583.jpg,Au-Quartz Vein Swarm,6.48,1.4026
A-ZK-001,Image_20251227112583.jpg,Au-Quartz Vein Swarm,4.62,0.3775
A-ZK-001,Image_20251227112584.jpg,Au-Quartz Vein Swarm,12.24,6.4421
A-ZK-001,Image_20251227112584.jpg,Au-Quartz Vein Swarm,1.9,1.4844
A-ZK-001,Image_20251227112584.jpg,Au-Quartz Vein Swarm,1.28,0.4238
A-ZK-001,Image_20251227112584.jpg,Au-Quartz Vein Swarm,3.02,1.615
A-ZK-001,Image_20251227112585.jpg,Au-Quartz Vein Swarm,1.87,0.3086
A-ZK-001,Image_20251227112585.jpg,Au-Quartz Vein Swarm,6.06,3.3481
A-ZK-001,Image_20251227112585.jpg,Au-Quartz Vein Swarm,1.81,0.8009
A-ZK-001,Image_20251227112585.jpg,Au-Quartz Vein Swarm,2.26,2.036
A-ZK-001,Image_20251227112586.jpg,Au-Quartz Vein Swarm,1.11,0.2207
A-ZK-001,Image_20251227112586.jpg,Au-Quartz Vein Swarm,5.03,4.2627
A-ZK-001,Image_20251227112586.jpg,Au-Quartz Vein Swarm,1.18,0.2995
A-ZK-001,Image_20251227112586.jpg,Au-Quartz Vein Swarm,3.94,0.396
A-ZK-001,Image_20251227112587.jpg,Au-Quartz Vein Swarm,9.95,26.1842
A-ZK-001,Image_20251227112587.jpg,Au-Quartz Vein Swarm,0.38,0.0474
A-ZK-001,Image_20251227112587.jpg,Au-Quartz Vein Swarm,8.02,2.2528
A-ZK-001,Image_20251227112587.jpg,Au-Quartz Vein Swarm,3.56,3.7872
A-ZK-001,Image_20251227112588.jpg,Au-Quartz Vein Swarm,0.94,0.3013
A-ZK-001,Image_20251227112588.jpg,Au-Quartz Vein Swarm,3.12,0.6329
A-ZK-001,Image_20251227112588.jpg,Au-Quartz Vein Swarm,4.93,3.5985
A-ZK-001,Image_20251227112588.jpg,Au-Quartz Vein Swarm,1.37,0.3333
A-ZK-001,Image_20251227112589.jpg,Au-Quartz Vein Swarm,4.11,0.4841
A-ZK-001,Image_20251227112589.jpg,Au-Quartz Vein Swarm,8.49,4.6906
A-ZK-001,Image_20251227112589.jpg,Au-Quartz Vein Swarm,1.81,1.6455
A-ZK-001,Image_20251227112589.jpg,Au-Quartz Vein Swarm,1.1,0.428
A-ZK-001,Image_20251227112590.jpg,Au-Quartz Vein Swarm,2.57,0.8595
A-ZK-001,Image_20251227112590.jpg,Au-Quartz Vein Swarm,2.99,0.4761
A-ZK-001,Image_20251227112590.jpg,Au-Quartz Vein Swarm,6.28,2.512
A-ZK-001,Image_20251227112590.jpg,Au-Quartz Vein Swarm,2.5,1.2755
A-ZK-001,Image_20251227112591.jpg,Au-Quartz Vein Swarm,1.96,1.8318
A-ZK-001,Image_20251227112591.jpg,Au-Quartz Vein Swarm,1.07,2.3261
A-ZK-001,Image_20251227112591.jpg,Au-Quartz Vein Swarm,0.46,0.5974
A-ZK-001,Image_20251227112591.jpg,Au-Quartz Vein Swarm,0.77,1.0132
A-ZK-001,Image_20251227112592.jpg,Au-Quartz Vein Swarm,0.76,0.3333
A-ZK-001,Image_20251227112592.jpg,Au-Quartz Vein Swarm,2.28,4.0
A-ZK-001,Image_20251227112592.jpg,Au-Quartz Vein Swarm,0.57,0.2088
A-ZK-001,Image_20251227112592.jpg,Au-Quartz Vein Swarm,2.73,0.2786
A-ZK-001,Image_20251227112593.jpg,Au-Quartz Vein Swarm,9.8,1.5289
A-ZK-001,Image_20251227112593.jpg,Au-Quartz Vein Swarm,6.41,2.8363
A-ZK-001,Image_20251227112593.jpg,Au-Quartz Vein Swarm,2.26,0.1589
A-ZK-001,Image_20251227112593.jpg,Au-Quartz Vein Swarm,14.22,4.7559
A-ZK-001,Image_20251227112594.jpg,Au-Quartz Vein Swarm,2.99,0.8952
A-ZK-001,Image_20251227112594.jpg,Au-Quartz Vein Swarm,3.34,1.3202
A-ZK-001,Image_20251227112594.jpg,Au-Quartz Vein Swarm,2.53,0.9101
A-ZK-001,Image_20251227112594.jpg,Au-Quartz Vein Swarm,2.78,1.5886
A-ZK-001,Image_20251227112595.jpg,Au-Quartz Vein Swarm,1.75,0.7642
A-ZK-001,Image_20251227112595.jpg,Au-Quartz Vein Swarm,2.29,0.2841
A-ZK-001,Image_20251227112595.jpg,Au-Quartz Vein Swarm,8.06,1.1664
A-ZK-001,Image_20251227112595.jpg,Au-Quartz Vein Swarm,6.91,30.0435
A-ZK-001,Image_20251227112596.jpg,Au-Quartz Vein Swarm,0.23,0.3485
A-ZK-001,Image_20251227112596.jpg,Au-Quartz Vein Swarm,0.66,0.4783
A-ZK-001,Image_20251227112596.jpg,Au-Quartz Vein Swarm,1.38,0.2434
A-ZK-001,Image_20251227112596.jpg,Au-Quartz Vein Swarm,5.67,0.8077
A-ZK-001,Image_20251227112597.jpg,Au-Quartz Vein Swarm,7.02,1.4297
A-ZK-001,Image_20251227112597.jpg,Au-Quartz Vein Swarm,4.91,5.2796
A-ZK-001,Image_20251227112597.jpg,Au-Quartz Vein Swarm,0.93,0.5196
A-ZK-001,Image_20251227112597.jpg,Au-Quartz Vein Swarm,1.79,0.4293
A-ZK-001,Image_20251227112598.jpg,Au-Quartz Vein Swarm,4.17,1.7974
A-ZK-001,Image_20251227112598.jpg,Au-Quartz Vein Swarm,2.32,1.1262
A-ZK-001,Image_20251227112598.jpg,Au-Quartz Vein Swarm,2.06,0.9904
A-ZK-001,Image_20251227112598.jpg,Au-Quartz Vein Swarm,2.08,0.3176
A-ZK-001,Image_20251227112599.jpg,Au-Quartz Vein Swarm,6.55,1.4588
A-ZK-001,Image_20251227112599.jpg,Au-Quartz Vein Swarm,4.49,2.0596
A-ZK-001,Image_20251227112599.jpg,Au-Quartz Vein Swarm,2.18,0.5908
A-ZK-001,Image_20251227112599.jpg,Au-Quartz Vein Swarm,3.69,4.6125
A-ZK-001,Image_20251227112600.jpg,Au-Quartz Vein Swarm,0.8,0.4469
A-ZK-001,Image_20251227112600.jpg,Au-Quartz Vein Swarm,1.79,0.2934
A-ZK-001,Image_20251227112600.jpg,Au-Quartz Vein Swarm,6.1,11.5094
A-ZK-001,Image_20251227112600.jpg,Au-Quartz Vein Swarm,0.53,0.117
A-ZK-001,Image_20251227112601.jpg,Au-Quartz Vein Swarm,4.53,20.5909
A-ZK-001,Image_20251227112601.jpg,Au-Quartz Vein Swarm,0.22,0.0244
A-ZK-001,Image_20251227112601.jpg,Au-Quartz Vein Swarm,9.0,5.1429
A-ZK-001,Image_20251227112601.jpg,Au-Quartz Vein Swarm,1.75,0.4487
A-ZK-001,Image_20251227112602.jpg,Au-Quartz Vein Swarm,3.9,1.246
A-ZK-001,Image_20251227112602.jpg,Au-Quartz Vein Swarm,3.13,0.972
A-ZK-001,Image_20251227112602.jpg,Au-Quartz Vein Swarm,3.22,0.8846
A-ZK-001,Image_20251227112602.jpg,Au-Quartz Vein Swarm,3.64,8.6667
A-ZK-001,Image_20251227112603.jpg,Au-Quartz Vein Swarm,0.42,0.1284
A-ZK-001,Image_20251227112603.jpg,Au-Quartz Vein Swarm,3.27,1.3402
A-ZK-001,Image_20251227112603.jpg,Au-Quartz Vein Swarm,2.44,1.3864
A-ZK-001,Image_20251227112603.jpg,Au-Quartz Vein Swarm,1.76,1.2754
A-ZK-001,Image_20251227112604.jpg,Au-Quartz Vein Swarm,1.38,0.4132
A-ZK-001,Image_20251227112604.jpg,Au-Quartz Vein Swarm,3.34,3.009
A-ZK-001,Image_20251227112604.jpg,Au-Quartz Vein Swarm,1.11,0.1841
A-ZK-001,Image_20251227112604.jpg,Au-Quartz Vein Swarm,6.03,1.4636
A-ZK-001,Image_20251227112605.jpg,Au-Quartz Vein Swarm,4.12,1.1771
A-ZK-001,Image_20251227112605.jpg,Au-Quartz Vein Swarm,3.5,0.5983
A-ZK-001,Image_20251227112605.jpg,Au-Quartz Vein Swarm,5.85,17.2059
A-ZK-001,Image_20251227112605.jpg,Au-Quartz Vein Swarm,0.34,0.4359
A-ZK-001,Image_20251227112606.jpg,Au-Quartz Vein Swarm,0.78,0.1835
A-ZK-001,Image_20251227112606.jpg,Au-Quartz Vein Swarm,4.25,2.911
A-ZK-001,Image_20251227112606.jpg,Au-Quartz Vein Swarm,1.46,0.8902
A-ZK-001,Image_20251227112606.jpg,Au-Quartz Vein Swarm,1.64,2.4848
A-ZK-001,Image_20251227112607.jpg,Au-Quartz Vein Swarm,0.66,0.5893
A-ZK-001,Image_20251227112607.jpg,Au-Quartz Vein Swarm,1.12,0.183
A-ZK-001,Image_20251227112607.jpg,Au-Quartz Vein Swarm,6.12,1.4641
A-ZK-001,Image_20251227112607.jpg,Au-Quartz Vein Swarm,4.18,1.2628
A-ZK-001,Image_20251227112608.jpg,Au-Quartz Vein Swarm,3.31,1.9471
A-ZK-001,Image_20251227112608.jpg,Au-Quartz Vein Swarm,1.7,
A-ZK-002,Image_20251227112608.jpg,VMS Sulfide Stringers,3.15,0.4846
A-ZK-002,Image_20251227112608.jpg,VMS Sulfide Stringers,6.5,4.3333
A-ZK-002,Image_20251227112609.jpg,VMS Sulfide Stringers,1.5,0.5415
A-ZK-002,Image_20251227112609.jpg,VMS Sulfide Stringers,2.77,0.2953
A-ZK-002,Image_20251227112609.jpg,VMS Sulfide Stringers,9.38,1.93
A-ZK-002,Image_20251227112609.jpg,VMS Sulfide Stringers,4.86,2.8256
A-ZK-002,Image_20251227112610.jpg,VMS Sulfide Stringers,1.72,0.3755
A-ZK-002,Image_20251227112610.jpg,VMS Sulfide Stringers,4.58,8.8077
A-ZK-002,Image_20251227112610.jpg,VMS Sulfide Stringers,0.52,0.194
A-ZK-002,Image_20251227112610.jpg,VMS Sulfide Stringers,2.68,0.5852
A-ZK-002,Image_20251227112611.jpg,VMS Sulfide Stringers,4.58,1.1927
A-ZK-002,Image_20251227112611.jpg,VMS Sulfide Stringers,3.84,0.8458
A-ZK-002,Image_20251227112611.jpg,VMS Sulfide Stringers,4.54,0.8566
A-ZK-002,Image_20251227112611.jpg,VMS Sulfide Stringers,5.3,1.299
A-ZK-002,Image_20251227112612.jpg,VMS Sulfide Stringers,4.08,1.0226
A-ZK-002,Image_20251227112612.jpg,VMS Sulfide Stringers,3.99,1.184
A-ZK-002,Image_20251227112612.jpg,VMS Sulfide Stringers,3.37,3.404
A-ZK-002,Image_20251227112612.jpg,VMS Sulfide Stringers,0.99,0.1618
A-ZK-002,Image_20251227112613.jpg,VMS Sulfide Stringers,6.12,2.2174
A-ZK-002,Image_20251227112613.jpg,VMS Sulfide Stringers,2.76,0.5774
A-ZK-002,Image_20251227112613.jpg,VMS Sulfide Stringers,4.78,0.8415
A-ZK-002,Image_20251227112613.jpg,VMS Sulfide Stringers,5.68,3.1556
A-ZK-002,Image_20251227112614.jpg,VMS Sulfide Stringers,1.8,0.9231
A-ZK-002,Image_20251227112614.jpg,VMS Sulfide Stringers,1.95,0.8945
A-ZK-002,Image_20251227112614.jpg,VMS Sulfide Stringers,2.18,0.3137
A-ZK-002,Image_20251227112614.jpg,VMS Sulfide Stringers,6.95,5.6967
A-ZK-002,Image_20251227112615.jpg,VMS Sulfide Stringers,1.22,0.1564
A-ZK-002,Image_20251227112615.jpg,VMS Sulfide Stringers,7.8,2.3353
A-ZK-002,Image_20251227112615.jpg,VMS Sulfide Stringers,3.34,0.9462
A-ZK-002,Image_20251227112615.jpg,VMS Sulfide Stringers,3.53,0.6418
A-ZK-002,Image_20251227112616.jpg,VMS Sulfide Stringers,5.5,1.8033
A-ZK-002,Image_20251227112616.jpg,VMS Sulfide Stringers,3.05,0.4943
A-ZK-002,Image_20251227112616.jpg,VMS Sulfide Stringers,6.17,3.4278
A-ZK-002,Image_20251227112616.jpg,VMS Sulfide Stringers,1.8,0.2362
A-ZK-002,Image_20251227112617.jpg,VMS Sulfide Stringers,7.62,3.9482
A-ZK-002,Image_20251227112617.jpg,VMS Sulfide Stringers,1.93,0.2465
A-ZK-002,Image_20251227112617.jpg,VMS Sulfide Stringers,7.83,3.9746
A-ZK-002,Image_20251227112617.jpg,VMS Sulfide Stringers,1.97,0.8795
A-ZK-002,Image_20251227112618.jpg,VMS Sulfide Stringers,2.24,2.0741
A-ZK-002,Image_20251227112618.jpg,VMS Sulfide Stringers,1.08,0.7714
A-ZK-002,Image_20251227112618.jpg,VMS Sulfide Stringers,1.4,0.5054
A-ZK-002,Image_20251227112618.jpg,VMS Sulfide Stringers,2.77,0.8052
A-ZK-002,Image_20251227112619.jpg,VMS Sulfide Stringers,3.44,0.588
A-ZK-002,Image_20251227112619.jpg,VMS Sulfide Stringers,5.85,2.458
A-ZK-002,Image_20251227112619.jpg,VMS Sulfide Stringers,2.38,0.6182
A-ZK-002,Image_20251227112619.jpg,VMS Sulfide Stringers,3.85,1.181
A-ZK-002,Image_20251227112620.jpg,VMS Sulfide Stringers,3.26,0.7799
A-ZK-002,Image_20251227112620.jpg,VMS Sulfide Stringers,4.18,2.6125
A-ZK-002,Image_20251227112620.jpg,VMS Sulfide Stringers,1.6,0.8989
A-ZK-002,Image_20251227112620.jpg,VMS Sulfide Stringers,1.78,1.1125
A-ZK-002,Image_20251227112621.jpg,VMS Sulfide Stringers,1.6,0.2399
A-ZK-002,Image_20251227112621.jpg,VMS Sulfide Stringers,6.67,0.8685
A-ZK-002,Image_20251227112621.jpg,VMS Sulfide Stringers,7.68,4.4912
A-ZK-002,Image_20251227112621.jpg,VMS Sulfide Stringers,1.71,0.9828
A-ZK-002,Image_20251227112622.jpg,VMS Sulfide Stringers,1.74,0.3766
A-ZK-002,Image_20251227112622.jpg,VMS Sulfide Stringers,4.62,0.5586
A-ZK-002,Image_20251227112622.jpg,VMS Sulfide Stringers,8.27,0.8687
A-ZK-002,Image_20251227112622.jpg,VMS Sulfide Stringers,9.52,5.8049
A-ZK-002,Image_20251227112623.jpg,VMS Sulfide Stringers,1.64,0.8079
A-ZK-002,Image_20251227112623.jpg,VMS Sulfide Stringers,2.03,0.567
A-ZK-002,Image_20251227112623.jpg,VMS Sulfide Stringers,3.58,0.965
A-ZK-002,Image_20251227112623.jpg,VMS Sulfide Stringers,3.71,1.5081
A-ZK-002,Image_20251227112624.jpg,VMS Sulfide Stringers,2.46,1.8222
A-ZK-002,Image_20251227112624.jpg,VMS Sulfide Stringers,1.35,0.4874
A-ZK-002,Image_20251227112624.jpg,VMS Sulfide Stringers,2.77,0.2913
A-ZK-002,Image_20251227112624.jpg,VMS Sulfide Stringers,9.51,5.2833
A-ZK-002,Image_20251227112625.jpg,VMS Sulfide Stringers,1.8,0.5279
A-ZK-002,Image_20251227112625.jpg,VMS Sulfide Stringers,3.41,0.2453
A-ZK-002,Image_20251227112625.jpg,VMS Sulfide Stringers,13.9,7.809
A-ZK-002,Image_20251227112625.jpg,VMS Sulfide Stringers,1.78,0.3724
A-ZK-002,Image_20251227112626.jpg,VMS Sulfide Stringers,4.78,0.4883
A-ZK-002,Image_20251227112626.jpg,VMS Sulfide Stringers,9.79,2.1853
A-ZK-002,Image_20251227112626.jpg,VMS Sulfide Stringers,4.48,0.7066
A-ZK-002,Image_20251227112626.jpg,VMS Sulfide Stringers,6.34,1.2076
A-ZK-002,Image_20251227112627.jpg,VMS Sulfide Stringers,5.25,1.2441
A-ZK-002,Image_20251227112627.jpg,VMS Sulfide Stringers,4.22,0.5627
A-ZK-002,Image_20251227112627.jpg,VMS Sulfide Stringers,7.5,1.606
A-ZK-002,Image_20251227112627.jpg,VMS Sulfide Stringers,4.67,1.8831
A-ZK-002,Image_20251227112628.jpg,VMS Sulfide Stringers,2.48,0.7726
A-ZK-002,Image_20251227112628.jpg,VMS Sulfide Stringers,3.21,0.8425
A-ZK-002,Image_20251227112628.jpg,VMS Sulfide Stringers,3.81,1.8861
A-ZK-002,Image_20251227112628.jpg,VMS Sulfide Stringers,2.02,0.6066
A-ZK-002,Image_20251227112629.jpg,VMS Sulfide Stringers,3.33,1.125
A-ZK-002,Image_20251227112629.jpg,VMS Sulfide Stringers,2.96,0.6352
A-ZK-002,Image_20251227112629.jpg,VMS Sulfide Stringers,4.66,0.4024
A-ZK-002,Image_20251227112629.jpg,VMS Sulfide Stringers,11.58,3.3276
A-ZK-002,Image_20251227112630.jpg,VMS Sulfide Stringers,3.48,0.4138
A-ZK-002,Image_20251227112630.jpg,VMS Sulfide Stringers,8.41,1.8524
A-ZK-002,Image_20251227112630.jpg,VMS Sulfide Stringers,4.54,1.3716
A-ZK-002,Image_20251227112630.jpg,VMS Sulfide Stringers,3.31,1.724
A-ZK-002,Image_20251227112631.jpg,VMS Sulfide Stringers,1.92,0.5766
A-ZK-002,Image_20251227112631.jpg,VMS Sulfide Stringers,3.33,1.0472
A-ZK-002,Image_20251227112631.jpg,VMS Sulfide Stringers,3.18,2.12
A-ZK-002,Image_20251227112631.jpg,VMS Sulfide Stringers,1.5,0.8671
A-ZK-002,Image_20251227112632.jpg,VMS Sulfide Stringers,1.73,0.4505
A-ZK-002,Image_20251227112632.jpg,VMS Sulfide Stringers,3.84,0.4593
A-ZK-002,Image_20251227112632.jpg,VMS Sulfide Stringers,8.36,3.0963
A-ZK-002,Image_20251227112632.jpg,VMS Sulfide Stringers,2.7,4.3548
A-ZK-002,Image_20251227112633.jpg,VMS Sulfide Stringers,0.62,0.5849
A-ZK-002,Image_20251227112633.jpg,VMS Sulfide Stringers,1.06,0.2177
A-ZK-002,Image_20251227112633.jpg,VMS Sulfide Stringers,4.87,6.3247
A-ZK-002,Image_20251227112633.jpg,VMS Sulfide Stringers,0.77,0.1415
A-ZK-002,Image_20251227112634.jpg,VMS Sulfide Stringers,5.44,1.1649
A-ZK-002,Image_20251227112634.jpg,VMS Sulfide Stringers,4.67,1.7824
A-ZK-002,Image_20251227112634.jpg,VMS Sulfide Stringers,2.62,1.7351
A-ZK-002,Image_20251227112634.jpg,VMS Sulfide Stringers,1.51,0.6509
A-ZK-002,Image_20251227112635.jpg,VMS Sulfide Stringers,2.32,0.617
A-ZK-002,Image_20251227112635.jpg,VMS Sulfide Stringers,3.76,4.7
A-ZK-002,Image_20251227112635.jpg,VMS Sulfide Stringers,0.8,0.1028
A-ZK-002,Image_20251227112635.jpg,VMS Sulfide Stringers,7.78,2.0802
A-ZK-002,Image_20251227112636.jpg,VMS Sulfide Stringers,3.74,0.9189
A-ZK-002,Image_20251227112636.jpg,VMS Sulfide Stringers,4.07,0.8753
A-ZK-002,Image_20251227112636.jpg,VMS Sulfide Stringers,4.65,0.6396
A-ZK-002,Image_20251227112636.jpg,VMS Sulfide Stringers,7.27,2.1766
A-ZK-002,Image_20251227112637.jpg,VMS Sulfide Stringers,3.34,0.6858
A-ZK-002,Image_20251227112637.jpg,VMS Sulfide Stringers,4.87,3.1623
A-ZK-002,Image_20251227112637.jpg,VMS Sulfide Stringers,1.54,0.1614
A-ZK-002,Image_20251227112637.jpg,VMS Sulfide Stringers,9.54,3.019
A-ZK-002,Image_20251227112638.jpg,VMS Sulfide Stringers,3.16,2.0654
A-ZK-002,Image_20251227112638.jpg,VMS Sulfide Stringers,1.53,0.7969
A-ZK-002,Image_20251227112638.jpg,VMS Sulfide Stringers,1.92,6.0
A-ZK-002,Image_20251227112638.jpg,VMS Sulfide Stringers,0.32,0.1675
A-ZK-002,Image_20251227112639.jpg,VMS Sulfide Stringers,1.91,17.3636
A-ZK-002,Image_20251227112639.jpg,VMS Sulfide Stringers,0.11,0.0214
A-ZK-002,Image_20251227112639.jpg,VMS Sulfide Stringers,5.13,1.2889
A-ZK-002,Image_20251227112639.jpg,VMS Sulfide Stringers,3.98,3.5221
A-ZK-002,Image_20251227112640.jpg,VMS Sulfide Stringers,1.13,0.4124
A-ZK-002,Image_20251227112640.jpg,VMS Sulfide Stringers,2.74,0.9648
A-ZK-002,Image_20251227112640.jpg,VMS Sulfide Stringers,2.84,3.1556
A-ZK-002,Image_20251227112640.jpg,VMS Sulfide Stringers,0.9,0.3814
A-ZK-002,Image_20251227112641.jpg,VMS Sulfide Stringers,2.36,0.8082
A-ZK-002,Image_20251227112641.jpg,VMS Sulfide Stringers,2.92,1.2641
A-ZK-002,Image_20251227112641.jpg,VMS Sulfide Stringers,2.31,1.5098
A-ZK-002,Image_20251227112641.jpg,VMS Sulfide Stringers,1.53,1.4167
A-ZK-002,Image_20251227112642.jpg,VMS Sulfide Stringers,1.08,0.4821
A-ZK-002,Image_20251227112642.jpg,VMS Sulfide Stringers,2.24,1.3099
A-ZK-002,Image_20251227112642.jpg,VMS Sulfide Stringers,1.71,0.3869
A-ZK-002,Image_20251227112642.jpg,VMS Sulfide Stringers,4.42,0.5831
A-ZK-002,Image_20251227112643.jpg,VMS Sulfide Stringers,7.58,1.3464
A-ZK-002,Image_20251227112643.jpg,VMS Sulfide Stringers,5.63,1.8829
A-ZK-002,Image_20251227112643.jpg,VMS Sulfide Stringers,2.99,1.8924
A-ZK-002,Image_20251227112643.jpg,VMS Sulfide Stringers,1.58,0.2862
A-ZK-002,Image_20251227112644.jpg,VMS Sulfide Stringers,5.52,1.1948
A-ZK-002,Image_20251227112644.jpg,VMS Sulfide Stringers,4.62,0.6408
A-ZK-002,Image_20251227112644.jpg,VMS Sulfide Stringers,7.21,2.1587
A-ZK-002,Image_20251227112644.jpg,VMS Sulfide Stringers,3.34,0.363
A-ZK-002,Image_20251227112645.jpg,VMS Sulfide Stringers,9.2,2.7545
A-ZK-002,Image_20251227112645.jpg,VMS Sulfide Stringers,3.34,2.1139
A-ZK-002,Image_20251227112645.jpg,VMS Sulfide Stringers,1.58,0.8495
A-ZK-002,Image_20251227112645.jpg,VMS Sulfide Stringers,1.86,0.4356
A-ZK-002,Image_20251227112646.jpg,VMS Sulfide Stringers,4.27,2.5118
A-ZK-002,Image_20251227112646.jpg,VMS Sulfide Stringers,1.7,0.1856
A-ZK-002,Image_20251227112646.jpg,VMS Sulfide Stringers,9.16,2.2843
A-ZK-002,Image_20251227112646.jpg,VMS Sulfide Stringers,4.01,1.3639
A-ZK-002,Image_20251227112647.jpg,VMS Sulfide Stringers,2.94,0.9363
A-ZK-002,Image_20251227112647.jpg,VMS Sulfide Stringers,3.14,1.3712
A-ZK-002,Image_20251227112647.jpg,VMS Sulfide Stringers,2.29,5.0889
A-ZK-002,Image_20251227112647.jpg,VMS Sulfide Stringers,0.45,0.2419
A-ZK-002,Image_20251227112648.jpg,VMS Sulfide Stringers,1.86,0.2214
A-ZK-002,Image_20251227112648.jpg,VMS Sulfide Stringers,8.4,2.4633
A-ZK-002,Image_20251227112648.jpg,VMS Sulfide Stringers,3.41,0.559
A-ZK-002,Image_20251227112648.jpg,VMS Sulfide Stringers,6.1,0.9807
A-ZK-002,Image_20251227112649.jpg,VMS Sulfide Stringers,6.22,2.2536
A-ZK-002,Image_20251227112649.jpg,VMS Sulfide Stringers,2.76,0.5897
A-ZK-002,Image_20251227112649.jpg,VMS Sulfide Stringers,4.68,9.0
A-ZK-002,Image_20251227112649.jpg,VMS Sulfide Stringers,0.52,0.0656
A-ZK-002,Image_20251227112650.jpg,VMS Sulfide Stringers,7.93,1.0587
A-ZK-002,Image_20251227112650.jpg,VMS Sulfide Stringers,7.49,1.7919
A-ZK-002,Image_20251227112650.jpg,VMS Sulfide Stringers,4.18,1.1909
A-ZK-002,Image_20251227112650.jpg,VMS Sulfide Stringers,3.51,1.2581
A-ZK-002,Image_20251227112651.jpg,VMS Sulfide Stringers,2.79,0.4227
A-ZK-002,Image_20251227112651.jpg,VMS Sulfide Stringers,6.6,1.2992
A-ZK-002,Image_20251227112651.jpg,VMS Sulfide Stringers,5.08,2.4423
A-ZK-002,Image_20251227112651.jpg,VMS Sulfide Stringers,2.08,2.2128
A-ZK-002,Image_20251227112652.jpg,VMS Sulfide Stringers,0.94,1.2368
A-ZK-002,Image_20251227112652.jpg,VMS Sulfide Stringers,0.76,0.116
A-ZK-002,Image_20251227112652.jpg,VMS Sulfide Stringers,6.55,2.3905
A-ZK-002,Image_20251227112652.jpg,VMS Sulfide Stringers,2.74,0.6634
A-ZK-002,Image_20251227112653.jpg,VMS Sulfide Stringers,4.13,1.3586
A-ZK-002,Image_20251227112653.jpg,VMS Sulfide Stringers,3.04,3.9481
A-ZK-002,Image_20251227112653.jpg,VMS Sulfide Stringers,0.77,1.4528
A-ZK-002,Image_20251227112653.jpg,VMS Sulfide Stringers,0.53,0.2704
A-ZK-002,Image_20251227112654.jpg,VMS Sulfide Stringers,1.96,0.9289
A-ZK-002,Image_20251227112654.jpg,VMS Sulfide Stringers,2.11,1.0
A-ZK-002,Image_20251227112654.jpg,VMS Sulfide Stringers,2.11,0.9769
A-ZK-002,Image_20251227112654.jpg,VMS Sulfide Stringers,2.16,0.1951
A-ZK-002,Image_20251227112655.jpg,VMS Sulfide Stringers,11.07,1.8358
A-ZK-002,Image_20251227112655.jpg,VMS Sulfide Stringers,6.03,1.7478
A-ZK-002,Image_20251227112655.jpg,VMS Sulfide Stringers,3.45,1.2825
A-ZK-002,Image_20251227112655.jpg,VMS Sulfide Stringers,2.69,0.9711
A-ZK-002,Image_20251227112656.jpg,VMS Sulfide Stringers,2.77,0.5596
A-ZK-002,Image_20251227112656.jpg,VMS Sulfide Stringers,4.95,1.8539
A-ZK-002,Image_20251227112656.jpg,VMS Sulfide Stringers,2.67,0.4768
A-ZK-002,Image_20251227112656.jpg,VMS Sulfide Stringers,5.6,1.4933
A-ZK-002,Image_20251227112657.jpg,VMS Sulfide Stringers,3.75,0.3366
A-ZK-002,Image_20251227112657.jpg,VMS Sulfide Stringers,11.14,4.3858
A-ZK-002,Image_20251227112657.jpg,VMS Sulfide Stringers,2.54,0.4006
A-ZK-002,Image_20251227112657.jpg,VMS Sulfide Stringers,6.34,6.0962
A-ZK-002,Image_20251227112658.jpg,VMS Sulfide Stringers,1.04,0.642
A-ZK-002,Image_20251227112658.jpg,VMS Sulfide Stringers,1.62,0.1596
A-ZK-002,Image_20251227112658.jpg,VMS Sulfide Stringers,10.15,1.8692
A-ZK-002,Image_20251227112658.jpg,VMS Sulfide Stringers,5.43,1.2959
A-ZK-002,Image_20251227112659.jpg,VMS Sulfide Stringers,4.19,0.3203
A-ZK-002,Image_20251227112659.jpg,VMS Sulfide Stringers,13.08,4.8088
A-ZK-002,Image_20251227112659.jpg,VMS Sulfide Stringers,2.72,0.4297
A-ZK-002,Image_20251227112659.jpg,VMS Sulfide Stringers,6.33,0.9505
A-ZK-002,Image_20251227112660.jpg,VMS Sulfide Stringers,6.66,0.7664
A-ZK-002,Image_20251227112660.jpg,VMS Sulfide Stringers,8.69,9.5495
A-ZK-002,Image_20251227112660.jpg,VMS Sulfide Stringers,0.91,0.337
A-ZK-002,Image_20251227112660.jpg,VMS Sulfide Stringers,2.7,0.7297
A-ZK-002,Image_20251227112661.jpg,VMS Sulfide Stringers,3.7,0.4307
A-ZK-002,Image_20251227112661.jpg,VMS Sulfide Stringers,8.59,2.1158
A-ZK-002,Image_20251227112661.jpg,VMS Sulfide Stringers,4.06,0.6087
A-ZK-002,Image_20251227112661.jpg,VMS Sulfide Stringers,6.67,8.0361
A-ZK-002,Image_20251227112662.jpg,VMS Sulfide Stringers,0.83,0.3756
A-ZK-002,Image_20251227112662.jpg,VMS Sulfide Stringers,2.21,0.2959
A-ZK-002,Image_20251227112662.jpg,VMS Sulfide Stringers,7.47,3.0366
A-ZK-002,Image_20251227112662.jpg,VMS Sulfide Stringers,2.46,0.8512
A-ZK-002,Image_20251227112663.jpg,VMS Sulfide Stringers,2.89,0.34
A-ZK-002,Image_20251227112663.jpg,VMS Sulfide Stringers,8.5,6.5891
A-ZK-002,Image_20251227112663.jpg,VMS Sulfide Stringers,1.29,0.8062
A-ZK-002,Image_20251227112663.jpg,VMS Sulfide Stringers,1.6,2.1918
A-ZK-002,Image_20251227112664.jpg,VMS Sulfide Stringers,0.73,0.0836
A-ZK-002,Image_20251227112664.jpg,VMS Sulfide Stringers,8.73,1.4672
A-ZK-002,Image_20251227112664.jpg,VMS Sulfide Stringers,5.95,1.0188
A-ZK-002,Image_20251227112664.jpg,VMS Sulfide Stringers,5.84,2.7163
A-ZK-002,Image_20251227112665.jpg,VMS Sulfide Stringers,2.15,3.209
A-ZK-002,Image_20251227112665.jpg,VMS Sulfide Stringers,0.67,1.4255
A-ZK-002,Image_20251227112665.jpg,VMS Sulfide Stringers,0.47,0.0626
A-ZK-002,Image_20251227112665.jpg,VMS Sulfide Stringers,7.51,1.7068
A-ZK-002,Image_20251227112666.jpg,VMS Sulfide Stringers,4.4,0.873
A-ZK-002,Image_20251227112666.jpg,VMS Sulfide Stringers,5.04,1.4118
A-ZK-002,Image_20251227112666.jpg,VMS Sulfide Stringers,3.57,2.5141
A-ZK-002,Image_20251227112666.jpg,VMS Sulfide Stringers,1.42,0.6339
A-ZK-002,Image_20251227112667.jpg,VMS Sulfide Stringers,2.24,2.0364
A-ZK-002,Image_20251227112667.jpg,VMS Sulfide Stringers,1.1,1.1458
A-ZK-002,Image_20251227112667.jpg,VMS Sulfide Stringers,0.96,0.1711
A-ZK-002,Image_20251227112667.jpg,VMS Sulfide Stringers,5.61,10.7885
A-ZK-002,Image_20251227112668.jpg,VMS Sulfide Stringers,0.52,0.4685
A-ZK-002,Image_20251227112668.jpg,VMS Sulfide Stringers,1.11,0.4723
A-ZK-002,Image_20251227112668.jpg,VMS Sulfide Stringers,2.35,0.7556
A-ZK-002,Image_20251227112668.jpg,VMS Sulfide Stringers,3.11,4.3194
A-ZK-002,Image_20251227112669.jpg,VMS Sulfide Stringers,0.72,0.1791
A-ZK-002,Image_20251227112669.jpg,VMS Sulfide Stringers,4.02,1.1789
A-ZK-002,Image_20251227112669.jpg,VMS Sulfide Stringers,3.41,0.4596
A-ZK-002,Image_20251227112669.jpg,VMS Sulfide Stringers,7.42,2.3556
A-ZK-002,Image_20251227112670.jpg,VMS Sulfide Stringers,3.15,0.7275
A-ZK-002,Image_20251227112670.jpg,VMS Sulfide Stringers,4.33,2.8867
A-ZK-002,Image_20251227112670.jpg,VMS Sulfide Stringers,1.5,0.9615
A-ZK-002,Image_20251227112670.jpg,VMS Sulfide Stringers,1.56,1.9259
A-ZK-002,Image_20251227112671.jpg,VMS Sulfide Stringers,0.81,0.5364
A-ZK-002,Image_20251227112671.jpg,VMS Sulfide Stringers,1.51,0.6833
A-ZK-002,Image_20251227112671.jpg,VMS Sulfide Stringers,2.21,0.3198
A-ZK-002,Image_20251227112671.jpg,VMS Sulfide Stringers,6.91,5.3154
A-ZK-002,Image_20251227112672.jpg,VMS Sulfide Stringers,1.3,0.1133
A-ZK-002,Image_20251227112672.jpg,VMS Sulfide Stringers,11.47,2.4827
A-ZK-002,Image_20251227112672.jpg,VMS Sulfide Stringers,4.62,1.1726
A-ZK-002,Image_20251227112672.jpg,VMS Sulfide Stringers,3.94,1.3311
A-ZK-002,Image_20251227112673.jpg,VMS Sulfide Stringers,2.96,1.1746
A-ZK-002,Image_20251227112673.jpg,VMS Sulfide Stringers,2.52,1.4566
A-ZK-002,Image_20251227112673.jpg,VMS Sulfide Stringers,1.73,2.5072
A-ZK-002,Image_20251227112673.jpg,VMS Sulfide Stringers,0.69,0.5111
A-ZK-002,Image_20251227112674.jpg,VMS Sulfide Stringers,1.35,0.155
A-ZK-002,Image_20251227112674.jpg,VMS Sulfide Stringers,8.71,1.9751
A-ZK-002,Image_20251227112674.jpg,VMS Sulfide Stringers,4.41,0.5092
A-ZK-002,Image_20251227112674.jpg,VMS Sulfide Stringers,8.66,5.1243
A-ZK-002,Image_20251227112675.jpg,VMS Sulfide Stringers,1.69,1.5794
A-ZK-002,Image_20251227112675.jpg,VMS Sulfide Stringers,1.07,0.3652
A-ZK-002,Image_20251227112675.jpg,VMS Sulfide Stringers,2.93,2.0929
A-ZK-002,Image_20251227112675.jpg,VMS Sulfide Stringers,1.4,0.407
A-ZK-002,Image_20251227112676.jpg,VMS Sulfide Stringers,3.44,6.4906
A-ZK-002,Image_20251227112676.jpg,VMS Sulfide Stringers,0.53,2.0385
A-ZK-002,Image_20251227112676.jpg,VMS Sulfide Stringers,0.26,0.0679
A-ZK-002,Image_20251227112676.jpg,VMS Sulfide Stringers,3.83,0.4313
A-ZK-002,Image_20251227112677.jpg,VMS Sulfide Stringers,8.88,2.2424
A-ZK-002,Image_20251227112677.jpg,VMS Sulfide Stringers,3.96,0.9041
A-ZK-002,Image_20251227112677.jpg,VMS Sulfide Stringers,4.38,1.4455
A-ZK-002,Image_20251227112677.jpg,VMS Sulfide Stringers,3.03,0.9266
A-ZK-002,Image_20251227112678.jpg,VMS Sulfide Stringers,3.27,5.0308
A-ZK-002,Image_20251227112678.jpg,VMS Sulfide Stringers,0.65,0.4483
A-ZK-002,Image_20251227112678.jpg,VMS Sulfide Stringers,1.45,0.2111
A-ZK-002,Image_20251227112678.jpg,VMS Sulfide Stringers,6.87,3.1659
A-ZK-002,Image_20251227112679.jpg,VMS Sulfide Stringers,2.17,0.3205
A-ZK-002,Image_20251227112679.jpg,VMS Sulfide Stringers,6.77,2.1156
A-ZK-002,Image_20251227112679.jpg,VMS Sulfide Stringers,3.2,0.961
A-ZK-002,Image_20251227112679.jpg,VMS Sulfide Stringers,3.33,1.5275
A-ZK-002,Image_20251227112680.jpg,VMS Sulfide Stringers,2.18,0.4476
A-ZK-002,Image_20251227112680.jpg,VMS Sulfide Stringers,4.87,0.847
A-ZK-002,Image_20251227112680.jpg,VMS Sulfide Stringers,5.75,4.1971
A-ZK-002,Image_20251227112680.jpg,VMS Sulfide Stringers,1.37,1.8767
A-ZK-002,Image_20251227112681.jpg,VMS Sulfide Stringers,0.73,2.0857
A-ZK-002,Image_20251227112681.jpg,VMS Sulfide Stringers,0.35,0.0829
A-ZK-002,Image_20251227112681.jpg,VMS Sulfide Stringers,4.22,1.0904
A-ZK-002,Image_20251227112681.jpg,VMS Sulfide Stringers,3.87,0.2831
A-ZK-002,Image_20251227112682.jpg,VMS Sulfide Stringers,13.67,4.482
A-ZK-002,Image_20251227112682.jpg,VMS Sulfide Stringers,3.05,1.1597
A-ZK-002,Image_20251227112682.jpg,VMS Sulfide Stringers,2.63,0.745
A-ZK-002,Image_20251227112682.jpg,VMS Sulfide Stringers,3.53,0.9592
A-ZK-002,Image_20251227112683.jpg,VMS Sulfide Stringers,3.68,1.4959
A-ZK-002,Image_20251227112683.jpg,VMS Sulfide Stringers,2.46,
A-ZK-003,Image_20251227112683.jpg,VMS Sulfide Stringers,1.42,0.4863
A-ZK-003,Image_20251227112683.jpg,VMS Sulfide Stringers,2.92,1.0318
A-ZK-003,Image_20251227112684.jpg,VMS Sulfide Stringers,2.83,1.0143
A-ZK-003,Image_20251227112684.jpg,VMS Sulfide Stringers,2.79,0.5324
A-ZK-003,Image_20251227112684.jpg,VMS Sulfide Stringers,5.24,1.8194
A-ZK-003,Image_20251227112684.jpg,VMS Sulfide Stringers,2.88,3.8919
A-ZK-003,Image_20251227112685.jpg,VMS Sulfide Stringers,0.74,0.4512
A-ZK-003,Image_20251227112685.jpg,VMS Sulfide Stringers,1.64,0.6749
A-ZK-003,Image_20251227112685.jpg,VMS Sulfide Stringers,2.43,0.8127
A-ZK-003,Image_20251227112685.jpg,VMS Sulfide Stringers,2.99,0.697
A-ZK-003,Image_20251227112686.jpg,VMS Sulfide Stringers,4.29,1.4252
A-ZK-003,Image_20251227112686.jpg,VMS Sulfide Stringers,3.01,11.1481
A-ZK-003,Image_20251227112686.jpg,VMS Sulfide Stringers,0.27,0.3176
A-ZK-003,Image_20251227112686.jpg,VMS Sulfide Stringers,0.85,0.1885
A-ZK-003,Image_20251227112687.jpg,VMS Sulfide Stringers,4.51,1.895
A-ZK-003,Image_20251227112687.jpg,VMS Sulfide Stringers,2.38,0.7391
A-ZK-003,Image_20251227112687.jpg,VMS Sulfide Stringers,3.22,1.5117
A-ZK-003,Image_20251227112687.jpg,VMS Sulfide Stringers,2.13,1.2988
A-ZK-003,Image_20251227112688.jpg,VMS Sulfide Stringers,1.64,0.7455
A-ZK-003,Image_20251227112688.jpg,VMS Sulfide Stringers,2.2,0.6769
A-ZK-003,Image_20251227112688.jpg,VMS Sulfide Stringers,3.25,1.1364
A-ZK-003,Image_20251227112688.jpg,VMS Sulfide Stringers,2.86,0.5
A-ZK-003,Image_20251227112689.jpg,VMS Sulfide Stringers,5.72,9.6949
A-ZK-003,Image_20251227112689.jpg,VMS Sulfide Stringers,0.59,0.8551
A-ZK-003,Image_20251227112689.jpg,VMS Sulfide Stringers,0.69,0.2936
A-ZK-003,Image_20251227112689.jpg,VMS Sulfide Stringers,2.35,0.5427
A-ZK-003,Image_20251227112690.jpg,VMS Sulfide Stringers,4.33,0.8591
A-ZK-003,Image_20251227112690.jpg,VMS Sulfide Stringers,5.04,2.9647
A-ZK-003,Image_20251227112690.jpg,VMS Sulfide Stringers,1.7,24.2857
A-ZK-003,Image_20251227112690.jpg,VMS Sulfide Stringers,0.07,0.04
A-ZK-003,Image_20251227112691.jpg,VMS Sulfide Stringers,1.75,0.451
A-ZK-003,Image_20251227112691.jpg,VMS Sulfide Stringers,3.88,1.3759
A-ZK-003,Image_20251227112691.jpg,VMS Sulfide Stringers,2.82,0.6337
A-ZK-003,Image_20251227112691.jpg,VMS Sulfide Stringers,4.45,0.6642
A-ZK-003,Image_20251227112692.jpg,VMS Sulfide Stringers,6.7,2.6908
A-ZK-003,Image_20251227112692.jpg,VMS Sulfide Stringers,2.49,1.2902
A-ZK-003,Image_20251227112692.jpg,VMS Sulfide Stringers,1.93,1.5691
A-ZK-003,Image_20251227112692.jpg,VMS Sulfide Stringers,1.23,1.7826
A-ZK-003,Image_20251227112693.jpg,VMS Sulfide Stringers,0.69,1.4082
A-ZK-003,Image_20251227112693.jpg,VMS Sulfide Stringers,0.49,0.3161
A-ZK-003,Image_20251227112693.jpg,VMS Sulfide Stringers,1.55,0.2554
A-ZK-003,Image_20251227112693.jpg,VMS Sulfide Stringers,6.07,1.2752
A-ZK-003,Image_20251227112694.jpg,VMS Sulfide Stringers,4.76,2.573
A-ZK-003,Image_20251227112694.jpg,VMS Sulfide Stringers,1.85,0.1602
A-ZK-003,Image_20251227112694.jpg,VMS Sulfide Stringers,11.55,7.0
A-ZK-003,Image_20251227112694.jpg,VMS Sulfide Stringers,1.65,0.2308
A-ZK-003,Image_20251227112695.jpg,VMS Sulfide Stringers,7.15,0.8573
A-ZK-003,Image_20251227112695.jpg,VMS Sulfide Stringers,8.34,2.0441
A-ZK-003,Image_20251227112695.jpg,VMS Sulfide Stringers,4.08,2.6494
A-ZK-003,Image_20251227112695.jpg,VMS Sulfide Stringers,1.54,0.7404
A-ZK-003,Image_20251227112696.jpg,VMS Sulfide Stringers,2.08,0.6284
A-ZK-003,Image_20251227112696.jpg,VMS Sulfide Stringers,3.31,4.662
A-ZK-003,Image_20251227112696.jpg,VMS Sulfide Stringers,0.71,0.6339
A-ZK-003,Image_20251227112696.jpg,VMS Sulfide Stringers,1.12,1.0874
A-ZK-003,Image_20251227112697.jpg,VMS Sulfide Stringers,1.03,0.239
A-ZK-003,Image_20251227112697.jpg,VMS Sulfide Stringers,4.31,0.6481
A-ZK-003,Image_20251227112697.jpg,VMS Sulfide Stringers,6.65,1.3571
A-ZK-003,Image_20251227112697.jpg,VMS Sulfide Stringers,4.9,0.8305
A-ZK-003,Image_20251227112698.jpg,VMS Sulfide Stringers,5.9,4.1549
A-ZK-003,Image_20251227112698.jpg,VMS Sulfide Stringers,1.42,0.6574
A-ZK-003,Image_20251227112698.jpg,VMS Sulfide Stringers,2.16,0.9391
A-ZK-003,Image_20251227112698.jpg,VMS Sulfide Stringers,2.3,0.5651
A-ZK-003,Image_20251227112699.jpg,VMS Sulfide Stringers,4.07,2.5597
A-ZK-003,Image_20251227112699.jpg,VMS Sulfide Stringers,1.59,0.2819
A-ZK-003,Image_20251227112699.jpg,VMS Sulfide Stringers,5.64,0.6895
A-ZK-003,Image_20251227112699.jpg,VMS Sulfide Stringers,8.18,1.9384
A-ZK-003,Image_20251227112700.jpg,VMS Sulfide Stringers,4.22,2.0288
A-ZK-003,Image_20251227112700.jpg,VMS Sulfide Stringers,2.08,1.6
A-ZK-003,Image_20251227112700.jpg,VMS Sulfide Stringers,1.3,1.2621
A-ZK-003,Image_20251227112700.jpg,VMS Sulfide Stringers,1.03,3.6786
A-ZK-003,Image_20251227112701.jpg,VMS Sulfide Stringers,0.28,0.1186
A-ZK-003,Image_20251227112701.jpg,VMS Sulfide Stringers,2.36,1.0489
A-ZK-003,Image_20251227112701.jpg,VMS Sulfide Stringers,2.25,0.4167
A-ZK-003,Image_20251227112701.jpg,VMS Sulfide Stringers,5.4,3.1953
A-ZK-003,Image_20251227112702.jpg,VMS Sulfide Stringers,1.69,0.6815
A-ZK-003,Image_20251227112702.jpg,VMS Sulfide Stringers,2.48,0.6947
A-ZK-003,Image_20251227112702.jpg,VMS Sulfide Stringers,3.57,0.8561
A-ZK-003,Image_20251227112702.jpg,VMS Sulfide Stringers,4.17,0.8407
A-ZK-003,Image_20251227112703.jpg,VMS Sulfide Stringers,4.96,1.503
A-ZK-003,Image_20251227112703.jpg,VMS Sulfide Stringers,3.3,4.3421
A-ZK-003,Image_20251227112703.jpg,VMS Sulfide Stringers,0.76,0.1949
A-ZK-003,Image_20251227112703.jpg,VMS Sulfide Stringers,3.9,2.4684
A-ZK-003,Image_20251227112704.jpg,VMS Sulfide Stringers,1.58,0.23
A-ZK-003,Image_20251227112704.jpg,VMS Sulfide Stringers,6.87,2.369
A-ZK-003,Image_20251227112704.jpg,VMS Sulfide Stringers,2.9,0.8382
A-ZK-003,Image_20251227112704.jpg,VMS Sulfide Stringers,3.46,0.2401
A-ZK-003,Image_20251227112705.jpg,VMS Sulfide Stringers,14.41,2.8705
A-ZK-003,Image_20251227112705.jpg,VMS Sulfide Stringers,5.02,1.3039
A-ZK-003,Image_20251227112705.jpg,VMS Sulfide Stringers,3.85,1.5157
A-ZK-003,Image_20251227112705.jpg,VMS Sulfide Stringers,2.54,3.0602
A-ZK-003,Image_20251227112706.jpg,VMS Sulfide Stringers,0.83,0.3473
A-ZK-003,Image_20251227112706.jpg,VMS Sulfide Stringers,2.39,1.8672
A-ZK-003,Image_20251227112706.jpg,VMS Sulfide Stringers,1.28,0.1443
A-ZK-003,Image_20251227112706.jpg,VMS Sulfide Stringers,8.87,2.2802
A-ZK-003,Image_20251227112707.jpg,VMS Sulfide Stringers,3.89,0.5806
A-ZK-003,Image_20251227112707.jpg,VMS Sulfide Stringers,6.7,4.0854
A-ZK-003,Image_20251227112707.jpg,VMS Sulfide Stringers,1.64,1.1971
A-ZK-003,Image_20251227112707.jpg,VMS Sulfide Stringers,1.37,0.2934
A-ZK-003,Image_20251227112708.jpg,VMS Sulfide Stringers,4.67,3.7967
A-ZK-003,Image_20251227112708.jpg,VMS Sulfide Stringers,1.23,0.634
A-ZK-003,Image_20251227112708.jpg,VMS Sulfide Stringers,1.94,0.2118
A-ZK-003,Image_20251227112708.jpg,VMS Sulfide Stringers,9.16,4.5572
A-ZK-003,Image_20251227112709.jpg,VMS Sulfide Stringers,2.01,3.0923
A-ZK-003,Image_20251227112709.jpg,VMS Sulfide Stringers,0.65,1.6667
A-ZK-003,Image_20251227112709.jpg,VMS Sulfide Stringers,0.39,0.6964
A-ZK-003,Image_20251227112709.jpg,VMS Sulfide Stringers,0.56,0.0802
A-ZK-003,Image_20251227112710.jpg,VMS Sulfide Stringers,6.98,4.0115
A-ZK-003,Image_20251227112710.jpg,VMS Sulfide Stringers,1.74,0.1233
A-ZK-003,Image_20251227112710.jpg,VMS Sulfide Stringers,14.11,1.7124
A-ZK-003,Image_20251227112710.jpg,VMS Sulfide Stringers,8.24,0.773
A-ZK-003,Image_20251227112711.jpg,VMS Sulfide Stringers,10.66,1.7737
A-ZK-003,Image_20251227112711.jpg,VMS Sulfide Stringers,6.01,1.3385
A-ZK-003,Image_20251227112711.jpg,VMS Sulfide Stringers,4.49,3.3759
A-ZK-003,Image_20251227112711.jpg,VMS Sulfide Stringers,1.33,0.4683
A-ZK-003,Image_20251227112712.jpg,VMS Sulfide Stringers,2.84,0.588
A-ZK-003,Image_20251227112712.jpg,VMS Sulfide Stringers,4.83,0.8415
A-ZK-003,Image_20251227112712.jpg,VMS Sulfide Stringers,5.74,6.2391
A-ZK-003,Image_20251227112712.jpg,VMS Sulfide Stringers,0.92,0.3802
A-ZK-003,Image_20251227112713.jpg,VMS Sulfide Stringers,2.42,0.9098
A-ZK-003,Image_20251227112713.jpg,VMS Sulfide Stringers,2.66,1.035
A-ZK-003,Image_20251227112713.jpg,VMS Sulfide Stringers,2.57,2.4245
A-ZK-003,Image_20251227112713.jpg,VMS Sulfide Stringers,1.06,0.1078
A-ZK-003,Image_20251227112714.jpg,VMS Sulfide Stringers,9.83,4.183
A-ZK-003,Image_20251227112714.jpg,VMS Sulfide Stringers,2.35,2.0614
A-ZK-003,Image_20251227112714.jpg,VMS Sulfide Stringers,1.14,0.1141
A-ZK-003,Image_20251227112714.jpg,VMS Sulfide Stringers,9.99,1.2109
A-ZK-003,Image_20251227112715.jpg,VMS Sulfide Stringers,8.25,2.5781
A-ZK-003,Image_20251227112715.jpg,VMS Sulfide Stringers,3.2,1.6931
A-ZK-003,Image_20251227112715.jpg,VMS Sulfide Stringers,1.89,3.78
A-ZK-003,Image_20251227112715.jpg,VMS Sulfide Stringers,0.5,0.1179
A-ZK-003,Image_20251227112716.jpg,VMS Sulfide Stringers,4.24,2.3955
A-ZK-003,Image_20251227112716.jpg,VMS Sulfide Stringers,1.77,0.6344
A-ZK-003,Image_20251227112716.jpg,VMS Sulfide Stringers,2.79,0.2971
A-ZK-003,Image_20251227112716.jpg,VMS Sulfide Stringers,9.39,5.6566
A-ZK-003,Image_20251227112717.jpg,VMS Sulfide Stringers,1.66,0.4049
A-ZK-003,Image_20251227112717.jpg,VMS Sulfide Stringers,4.1,0.8103
A-ZK-003,Image_20251227112717.jpg,VMS Sulfide Stringers,5.06,0.7408
A-ZK-003,Image_20251227112717.jpg,VMS Sulfide Stringers,6.83,2.6069
A-ZK-003,Image_20251227112718.jpg,VMS Sulfide Stringers,2.62,1.0917
A-ZK-003,Image_20251227112718.jpg,VMS Sulfide Stringers,2.4,1.0213
A-ZK-003,Image_20251227112718.jpg,VMS Sulfide Stringers,2.35,0.6168
A-ZK-003,Image_20251227112718.jpg,VMS Sulfide Stringers,3.81,0.4757
A-ZK-003,Image_20251227112719.jpg,VMS Sulfide Stringers,8.01,3.5442
A-ZK-003,Image_20251227112719.jpg,VMS Sulfide Stringers,2.26,20.5455
A-ZK-003,Image_20251227112719.jpg,VMS Sulfide Stringers,0.11,0.0201
A-ZK-003,Image_20251227112719.jpg,VMS Sulfide Stringers,5.48,1.8206
A-ZK-003,Image_20251227112720.jpg,VMS Sulfide Stringers,3.01,0.7082
A-ZK-003,Image_20251227112720.jpg,VMS Sulfide Stringers,4.25,8.0189
A-ZK-003,Image_20251227112720.jpg,VMS Sulfide Stringers,0.53,0.2978
A-ZK-003,Image_20251227112720.jpg,VMS Sulfide Stringers,1.78,0.345
A-ZK-003,Image_20251227112721.jpg,VMS Sulfide Stringers,5.16,6.45
A-ZK-003,Image_20251227112721.jpg,VMS Sulfide Stringers,0.8,0.1951
A-ZK-003,Image_20251227112721.jpg,VMS Sulfide Stringers,4.1,1.4801
A-ZK-003,Image_20251227112721.jpg,VMS Sulfide Stringers,2.77,1.9103
A-ZK-003,Image_20251227112722.jpg,VMS Sulfide Stringers,1.45,1.0821
A-ZK-003,Image_20251227112722.jpg,VMS Sulfide Stringers,1.34,1.2523
A-ZK-003,Image_20251227112722.jpg,VMS Sulfide Stringers,1.07,0.3567
A-ZK-003,Image_20251227112722.jpg,VMS Sulfide Stringers,3.0,0.9119
A-ZK-003,Image_20251227112723.jpg,VMS Sulfide Stringers,3.29,1.5894
A-ZK-003,Image_20251227112723.jpg,VMS Sulfide Stringers,2.07,2.07
A-ZK-003,Image_20251227112723.jpg,VMS Sulfide Stringers,1.0,0.2494
A-ZK-003,Image_20251227112723.jpg,VMS Sulfide Stringers,4.01,0.7225
A-ZK-003,Image_20251227112724.jpg,VMS Sulfide Stringers,5.55,1.2144
A-ZK-003,Image_20251227112724.jpg,VMS Sulfide Stringers,4.57,0.417
A-ZK-003,Image_20251227112724.jpg,VMS Sulfide Stringers,10.96,4.4918
A-ZK-003,Image_20251227112724.jpg,VMS Sulfide Stringers,2.44,0.3266
A-ZK-003,Image_20251227112725.jpg,VMS Sulfide Stringers,7.47,4.6981
A-ZK-003,Image_20251227112725.jpg,VMS Sulfide Stringers,1.59,1.1778
A-ZK-003,Image_20251227112725.jpg,VMS Sulfide Stringers,1.35,0.4286
A-ZK-003,Image_20251227112725.jpg,VMS Sulfide Stringers,3.15,0.3646
A-ZK-003,Image_20251227112726.jpg,VMS Sulfide Stringers,8.64,3.8919
A-ZK-003,Image_20251227112726.jpg,VMS Sulfide Stringers,2.22,4.1887
A-ZK-003,Image_20251227112726.jpg,VMS Sulfide Stringers,0.53,0.0967
A-ZK-003,Image_20251227112726.jpg,VMS Sulfide Stringers,5.48,2.0524
A-ZK-003,Image_20251227112727.jpg,VMS Sulfide Stringers,2.67,0.7396
A-ZK-003,Image_20251227112727.jpg,VMS Sulfide Stringers,3.61,2.5423
A-ZK-003,Image_20251227112727.jpg,VMS Sulfide Stringers,1.42,0.4537
A-ZK-003,Image_20251227112727.jpg,VMS Sulfide Stringers,3.13,4.9683
A-ZK-003,Image_20251227112728.jpg,VMS Sulfide Stringers,0.63,0.0634
A-ZK-003,Image_20251227112728.jpg,VMS Sulfide Stringers,9.93,1.5939
A-ZK-003,Image_20251227112728.jpg,VMS Sulfide Stringers,6.23,2.0698
A-ZK-003,Image_20251227112728.jpg,VMS Sulfide Stringers,3.01,0.5605
A-ZK-003,Image_20251227112729.jpg,VMS Sulfide Stringers,5.37,3.3774
A-ZK-003,Image_20251227112729.jpg,VMS Sulfide Stringers,1.59,0.2637
A-ZK-003,Image_20251227112729.jpg,VMS Sulfide Stringers,6.03,2.831
A-ZK-003,Image_20251227112729.jpg,VMS Sulfide Stringers,2.13,1.065
A-ZK-003,Image_20251227112730.jpg,VMS Sulfide Stringers,2.0,1.7544
A-ZK-003,Image_20251227112730.jpg,VMS Sulfide Stringers,1.14,0.2872
A-ZK-003,Image_20251227112730.jpg,VMS Sulfide Stringers,3.97,1.3643
A-ZK-003,Image_20251227112730.jpg,VMS Sulfide Stringers,2.91,0.3809
A-ZK-003,Image_20251227112731.jpg,VMS Sulfide Stringers,7.64,7.5644
A-ZK-003,Image_20251227112731.jpg,VMS Sulfide Stringers,1.01,0.2538
A-ZK-003,Image_20251227112731.jpg,VMS Sulfide Stringers,3.98,0.5976
A-ZK-003,Image_20251227112731.jpg,VMS Sulfide Stringers,6.66,2.0
A-ZK-003,Image_20251227112732.jpg,VMS Sulfide Stringers,3.33,1.5857
A-ZK-003,Image_20251227112732.jpg,VMS Sulfide Stringers,2.1,0.6422
A-ZK-003,Image_20251227112732.jpg,VMS Sulfide Stringers,3.27,0.4529
A-ZK-003,Image_20251227112732.jpg,VMS Sulfide Stringers,7.22,1.0014
A-ZK-003,Image_20251227112733.jpg,VMS Sulfide Stringers,7.21,2.7946
A-ZK-003,Image_20251227112733.jpg,VMS Sulfide Stringers,2.58,0.3619
A-ZK-003,Image_20251227112733.jpg,VMS Sulfide Stringers,7.13,2.5464
A-ZK-003,Image_20251227112733.jpg,VMS Sulfide Stringers,2.8,0.5263
A-ZK-003,Image_20251227112734.jpg,VMS Sulfide Stringers,5.32,1.2258
A-ZK-003,Image_20251227112734.jpg,VMS Sulfide Stringers,4.34,2.1379
A-ZK-003,Image_20251227112734.jpg,VMS Sulfide Stringers,2.03,1.7203
A-ZK-003,Image_20251227112734.jpg,VMS Sulfide Stringers,1.18,0.1738
A-ZK-003,Image_20251227112735.jpg,VMS Sulfide Stringers,6.79,0.8342
A-ZK-003,Image_20251227112735.jpg,VMS Sulfide Stringers,8.14,2.0818
A-ZK-003,Image_20251227112735.jpg,VMS Sulfide Stringers,3.91,1.3964
A-ZK-003,Image_20251227112735.jpg,VMS Sulfide Stringers,2.8,3.1818
A-ZK-003,Image_20251227112736.jpg,VMS Sulfide Stringers,0.88,0.1321
A-ZK-003,Image_20251227112736.jpg,VMS Sulfide Stringers,6.66,1.8655
A-ZK-003,Image_20251227112736.jpg,VMS Sulfide Stringers,3.57,1.5658
A-ZK-003,Image_20251227112736.jpg,VMS Sulfide Stringers,2.28,0.4199
A-ZK-003,Image_20251227112737.jpg,VMS Sulfide Stringers,5.43,7.6479
A-ZK-003,Image_20251227112737.jpg,VMS Sulfide Stringers,0.71,0.6514
A-ZK-003,Image_20251227112737.jpg,VMS Sulfide Stringers,1.09,0.7078
A-ZK-003,Image_20251227112737.jpg,VMS Sulfide Stringers,1.54,0.3632
A-ZK-003,Image_20251227112738.jpg,VMS Sulfide Stringers,4.24,1.2848
A-ZK-003,Image_20251227112738.jpg,VMS Sulfide Stringers,3.3,0.7143
A-ZK-003,Image_20251227112738.jpg,VMS Sulfide Stringers,4.62,0.7287
A-ZK-003,Image_20251227112738.jpg,VMS Sulfide Stringers,6.34,1.3347
A-ZK-003,Image_20251227112739.jpg,VMS Sulfide Stringers,4.75,0.4717
A-ZK-003,Image_20251227112739.jpg,VMS Sulfide Stringers,10.07,1.5908
A-ZK-003,Image_20251227112739.jpg,VMS Sulfide Stringers,6.33,2.4535
A-ZK-003,Image_20251227112739.jpg,VMS Sulfide Stringers,2.58,1.4576
A-ZK-003,Image_20251227112740.jpg,VMS Sulfide Stringers,1.77,0.6705
A-ZK-003,Image_20251227112740.jpg,VMS Sulfide Stringers,2.64,0.5421
A-ZK-003,Image_20251227112740.jpg,VMS Sulfide Stringers,4.87,2.5103
A-ZK-003,Image_20251227112740.jpg,VMS Sulfide Stringers,1.94,0.3903
A-ZK-003,Image_20251227112741.jpg,VMS Sulfide Stringers,4.97,1.0899
A-ZK-003,Image_20251227112741.jpg,VMS Sulfide Stringers,4.56,3.8974
A-ZK-003,Image_20251227112741.jpg,VMS Sulfide Stringers,1.17,0.1872
A-ZK-003,Image_20251227112741.jpg,VMS Sulfide Stringers,6.25,1.6404
A-ZK-003,Image_20251227112742.jpg,VMS Sulfide Stringers,3.81,0.3912
A-ZK-003,Image_20251227112742.jpg,VMS Sulfide Stringers,9.74,3.4662
A-ZK-003,Image_20251227112742.jpg,VMS Sulfide Stringers,2.81,1.2773
A-ZK-003,Image_20251227112742.jpg,VMS Sulfide Stringers,2.2,2.1569
A-ZK-003,Image_20251227112743.jpg,VMS Sulfide Stringers,1.02,1.02
A-ZK-003,Image_20251227112743.jpg,VMS Sulfide Stringers,1.0,0.1745
A-ZK-003,Image_20251227112743.jpg,VMS Sulfide Stringers,5.73,0.6318
A-ZK-003,Image_20251227112743.jpg,VMS Sulfide Stringers,9.07,3.4751
A-ZK-003,Image_20251227112744.jpg,VMS Sulfide Stringers,2.61,1.0567
A-ZK-003,Image_20251227112744.jpg,VMS Sulfide Stringers,2.47,0.8179
A-ZK-003,Image_20251227112744.jpg,VMS Sulfide Stringers,3.02,0.4604
A-ZK-003,Image_20251227112744.jpg,VMS Sulfide Stringers,6.56,5.5593
A-ZK-003,Image_20251227112745.jpg,VMS Sulfide Stringers,1.18,0.342
A-ZK-003,Image_20251227112745.jpg,VMS Sulfide Stringers,3.45,0.5928
A-ZK-003,Image_20251227112745.jpg,VMS Sulfide Stringers,5.82,1.3857
A-ZK-003,Image_20251227112745.jpg,VMS Sulfide Stringers,4.2,84.0
A-ZK-003,Image_20251227112746.jpg,VMS Sulfide Stringers,0.05,0.0105
A-ZK-003,Image_20251227112746.jpg,VMS Sulfide Stringers,4.76,1.1253
A-ZK-003,Image_20251227112746.jpg,VMS Sulfide Stringers,4.23,0.567
A-ZK-003,Image_20251227112746.jpg,VMS Sulfide Stringers,7.46,0.8695
A-ZK-003,Image_20251227112747.jpg,VMS Sulfide Stringers,8.58,1.1917
A-ZK-003,Image_20251227112747.jpg,VMS Sulfide Stringers,7.2,2.3762
A-ZK-003,Image_20251227112747.jpg,VMS Sulfide Stringers,3.03,6.06
A-ZK-003,Image_20251227112747.jpg,VMS Sulfide Stringers,0.5,0.2033
A-ZK-003,Image_20251227112748.jpg,VMS Sulfide Stringers,2.46,0.8311
A-ZK-003,Image_20251227112748.jpg,VMS Sulfide Stringers,2.96,0.3289
A-ZK-003,Image_20251227112748.jpg,VMS Sulfide Stringers,9.0,6.25
A-ZK-003,Image_20251227112748.jpg,VMS Sulfide Stringers,1.44,1.9459
A-ZK-003,Image_20251227112749.jpg,VMS Sulfide Stringers,0.74,0.3776
A-ZK-003,Image_20251227112749.jpg,VMS Sulfide Stringers,1.96,1.298
A-ZK-003,Image_20251227112749.jpg,VMS Sulfide Stringers,1.51,2.2879
A-ZK-003,Image_20251227112749.jpg,VMS Sulfide Stringers,0.66,0.2481
A-ZK-003,Image_20251227112750.jpg,VMS Sulfide Stringers,2.66,0.8721
A-ZK-003,Image_20251227112750.jpg,VMS Sulfide Stringers,3.05,5.0
A-ZK-003,Image_20251227112750.jpg,VMS Sulfide Stringers,0.61,0.2798
A-ZK-003,Image_20251227112750.jpg,VMS Sulfide Stringers,2.18,1.5352
A-ZK-003,Image_20251227112751.jpg,VMS Sulfide Stringers,1.42,0.4537
A-ZK-003,Image_20251227112751.jpg,VMS Sulfide Stringers,3.13,0.926
A-ZK-003,Image_20251227112751.jpg,VMS Sulfide Stringers,3.38,2.3803
A-ZK-003,Image_20251227112751.jpg,VMS Sulfide Stringers,1.42,0.2287
A-ZK-003,Image_20251227112752.jpg,VMS Sulfide Stringers,6.21,2.1414
A-ZK-003,Image_20251227112752.jpg,VMS Sulfide Stringers,2.9,1.9463
A-ZK-003,Image_20251227112752.jpg,VMS Sulfide Stringers,1.49,2.614
A-ZK-003,Image_20251227112752.jpg,VMS Sulfide Stringers,0.57,0.1615
A-ZK-003,Image_20251227112753.jpg,VMS Sulfide Stringers,3.53,0.8345
A-ZK-003,Image_20251227112753.jpg,VMS Sulfide Stringers,4.23,2.2742
A-ZK-003,Image_20251227112753.jpg,VMS Sulfide Stringers,1.86,0.5794
A-ZK-003,Image_20251227112753.jpg,VMS Sulfide Stringers,3.21,0.3741
A-ZK-003,Image_20251227112754.jpg,VMS Sulfide Stringers,8.58,1.5515
A-ZK-003,Image_20251227112754.jpg,VMS Sulfide Stringers,5.53,29.1053
A-ZK-003,Image_20251227112754.jpg,VMS Sulfide Stringers,0.19,0.1293
A-ZK-003,Image_20251227112754.jpg,VMS Sulfide Stringers,1.47,0.5765
A-ZK-003,Image_20251227112755.jpg,VMS Sulfide Stringers,2.55,0.8388
A-ZK-003,Image_20251227112755.jpg,VMS Sulfide Stringers,3.04,0.9297
A-ZK-003,Image_20251227112755.jpg,VMS Sulfide Stringers,3.27,0.8134
A-ZK-003,Image_20251227112755.jpg,VMS Sulfide Stringers,4.02,1.5285
A-ZK-003,Image_20251227112756.jpg,VMS Sulfide Stringers,2.63,0.9069
A-ZK-003,Image_20251227112756.jpg,VMS Sulfide Stringers,2.9,0.5052
A-ZK-003,Image_20251227112756.jpg,VMS Sulfide Stringers,5.74,1.6034
A-ZK-003,Image_20251227112756.jpg,VMS Sulfide Stringers,3.58,3.8913
A-ZK-003,Image_20251227112757.jpg,VMS Sulfide Stringers,0.92,0.2949
A-ZK-003,Image_20251227112757.jpg,VMS Sulfide Stringers,3.12,1.2188
A-ZK-003,Image_20251227112757.jpg,VMS Sulfide Stringers,2.56,8.0
A-ZK-003,Image_20251227112757.jpg,VMS Sulfide Stringers,0.32,0.0985
A-ZK-003,Image_20251227112758.jpg,VMS Sulfide Stringers,3.25,3.0952
A-ZK-003,Image_20251227112758.jpg,VMS Sulfide Stringers,1.05,
A-ZK-004,Image_20251227112758.jpg,Au-Quartz Vein Swarm,5.8,1.4573
A-ZK-004,Image_20251227112758.jpg,Au-Quartz Vein Swarm,3.98,4.6279
A-ZK-004,Image_20251227112759.jpg,Au-Quartz Vein Swarm,0.86,0.1533
A-ZK-004,Image_20251227112759.jpg,Au-Quartz Vein Swarm,5.61,0.743
A-ZK-004,Image_20251227112759.jpg,Au-Quartz Vein Swarm,7.55,3.2826
A-ZK-004,Image_20251227112759.jpg,Au-Quartz Vein Swarm,2.3,0.902
A-ZK-004,Image_20251227112760.jpg,Au-Quartz Vein Swarm,2.55,0.4885
A-ZK-004,Image_20251227112760.jpg,Au-Quartz Vein Swarm,5.22,0.7291
A-ZK-004,Image_20251227112760.jpg,Au-Quartz Vein Swarm,7.16,15.5652
A-ZK-004,Image_20251227112760.jpg,Au-Quartz Vein Swarm,0.46,0.4694
A-ZK-004,Image_20251227112761.jpg,Au-Quartz Vein Swarm,0.98,0.4925
A-ZK-004,Image_20251227112761.jpg,Au-Quartz Vein Swarm,1.99,0.9087
A-ZK-004,Image_20251227112761.jpg,Au-Quartz Vein Swarm,2.19,0.4286
A-ZK-004,Image_20251227112761.jpg,Au-Quartz Vein Swarm,5.11,0.7117
A-ZK-004,Image_20251227112762.jpg,Au-Quartz Vein Swarm,7.18,0.9497
A-ZK-004,Image_20251227112762.jpg,Au-Quartz Vein Swarm,7.56,17.1818
A-ZK-004,Image_20251227112762.jpg,Au-Quartz Vein Swarm,0.44,0.3284
A-ZK-004,Image_20251227112762.jpg,Au-Quartz Vein Swarm,1.34,0.8024
A-ZK-004,Image_20251227112763.jpg,Au-Quartz Vein Swarm,1.67,1.2463
A-ZK-004,Image_20251227112763.jpg,Au-Quartz Vein Swarm,1.34,0.3375
A-ZK-004,Image_20251227112763.jpg,Au-Quartz Vein Swarm,3.97,0.9147
A-ZK-004,Image_20251227112763.jpg,Au-Quartz Vein Swarm,4.34,1.5122
A-ZK-004,Image_20251227112764.jpg,Au-Quartz Vein Swarm,2.87,1.083
A-ZK-004,Image_20251227112764.jpg,Au-Quartz Vein Swarm,2.65,1.2802
A-ZK-004,Image_20251227112764.jpg,Au-Quartz Vein Swarm,2.07,0.9079
A-ZK-004,Image_20251227112764.jpg,Au-Quartz Vein Swarm,2.28,0.2676
A-ZK-004,Image_20251227112765.jpg,Au-Quartz Vein Swarm,8.52,1.764
A-ZK-004,Image_20251227112765.jpg,Au-Quartz Vein Swarm,4.83,2.257
A-ZK-004,Image_20251227112765.jpg,Au-Quartz Vein Swarm,2.14,0.8199
A-ZK-004,Image_20251227112765.jpg,Au-Quartz Vein Swarm,2.61,0.646
A-ZK-004,Image_20251227112766.jpg,Au-Quartz Vein Swarm,4.04,4.6977
A-ZK-004,Image_20251227112766.jpg,Au-Quartz Vein Swarm,0.86,0.2688
A-ZK-004,Image_20251227112766.jpg,Au-Quartz Vein Swarm,3.2,0.6911
A-ZK-004,Image_20251227112766.jpg,Au-Quartz Vein Swarm,4.63,1.1024
A-ZK-004,Image_20251227112767.jpg,Au-Quartz Vein Swarm,4.2,3.0657
A-ZK-004,Image_20251227112767.jpg,Au-Quartz Vein Swarm,1.37,0.8405
A-ZK-004,Image_20251227112767.jpg,Au-Quartz Vein Swarm,1.63,6.037
A-ZK-004,Image_20251227112767.jpg,Au-Quartz Vein Swarm,0.27,0.054
A-ZK-004,Image_20251227112768.jpg,Au-Quartz Vein Swarm,5.0,0.4525
A-ZK-004,Image_20251227112768.jpg,Au-Quartz Vein Swarm,11.05,9.2857
A-ZK-004,Image_20251227112768.jpg,Au-Quartz Vein Swarm,1.19,0.1886
A-ZK-004,Image_20251227112768.jpg,Au-Quartz Vein Swarm,6.31,0.6067
A-ZK-004,Image_20251227112769.jpg,Au-Quartz Vein Swarm,10.4,5.5026
A-ZK-004,Image_20251227112769.jpg,Au-Quartz Vein Swarm,1.89,0.7241
A-ZK-004,Image_20251227112769.jpg,Au-Quartz Vein Swarm,2.61,0.7479
A-ZK-004,Image_20251227112769.jpg,Au-Quartz Vein Swarm,3.49,0.8512
A-ZK-004,Image_20251227112770.jpg,Au-Quartz Vein Swarm,4.1,1.1264
A-ZK-004,Image_20251227112770.jpg,Au-Quartz Vein Swarm,3.64,1.7931
A-ZK-004,Image_20251227112770.jpg,Au-Quartz Vein Swarm,2.03,0.4432
A-ZK-004,Image_20251227112770.jpg,Au-Quartz Vein Swarm,4.58,2.2126
A-ZK-004,Image_20251227112771.jpg,Au-Quartz Vein Swarm,2.07,0.5391
A-ZK-004,Image_20251227112771.jpg,Au-Quartz Vein Swarm,3.84,1.3813
A-ZK-004,Image_20251227112771.jpg,Au-Quartz Vein Swarm,2.78,7.3158
A-ZK-004,Image_20251227112771.jpg,Au-Quartz Vein Swarm,0.38,0.0544
A-ZK-004,Image_20251227112772.jpg,Au-Quartz Vein Swarm,6.98,4.1796
A-ZK-004,Image_20251227112772.jpg,Au-Quartz Vein Swarm,1.67,0.2236
A-ZK-004,Image_20251227112772.jpg,Au-Quartz Vein Swarm,7.47,1.2186
A-ZK-004,Image_20251227112772.jpg,Au-Quartz Vein Swarm,6.13,1.7977
A-ZK-004,Image_20251227112773.jpg,Au-Quartz Vein Swarm,3.41,0.8005
A-ZK-004,Image_20251227112773.jpg,Au-Quartz Vein Swarm,4.26,0.9142
A-ZK-004,Image_20251227112773.jpg,Au-Quartz Vein Swarm,4.66,1.9336
A-ZK-004,Image_20251227112773.jpg,Au-Quartz Vein Swarm,2.41,0.9602
A-ZK-004,Image_20251227112774.jpg,Au-Quartz Vein Swarm,2.51,0.559
A-ZK-004,Image_20251227112774.jpg,Au-Quartz Vein Swarm,4.49,1.5979
A-ZK-004,Image_20251227112774.jpg,Au-Quartz Vein Swarm,2.81,1.3842
A-ZK-004,Image_20251227112774.jpg,Au-Quartz Vein Swarm,2.03,1.4604
A-ZK-004,Image_20251227112775.jpg,Au-Quartz Vein Swarm,1.39,0.3546
A-ZK-004,Image_20251227112775.jpg,Au-Quartz Vein Swarm,3.92,2.4198
A-ZK-004,Image_20251227112775.jpg,Au-Quartz Vein Swarm,1.62,0.3
A-ZK-004,Image_20251227112775.jpg,Au-Quartz Vein Swarm,5.4,0.9408
A-ZK-004,Image_20251227112776.jpg,Au-Quartz Vein Swarm,5.74,1.3538
A-ZK-004,Image_20251227112776.jpg,Au-Quartz Vein Swarm,4.24,0.8618
A-ZK-004,Image_20251227112776.jpg,Au-Quartz Vein Swarm,4.92,1.1576
A-ZK-004,Image_20251227112776.jpg,Au-Quartz Vein Swarm,4.25,0.8205
A-ZK-004,Image_20251227112777.jpg,Au-Quartz Vein Swarm,5.18,1.0319
A-ZK-004,Image_20251227112777.jpg,Au-Quartz Vein Swarm,5.02,1.3351
A-ZK-004,Image_20251227112777.jpg,Au-Quartz Vein Swarm,3.76,0.6074
A-ZK-004,Image_20251227112777.jpg,Au-Quartz Vein Swarm,6.19,2.496
A-ZK-004,Image_20251227112778.jpg,Au-Quartz Vein Swarm,2.48,1.7343
A-ZK-004,Image_20251227112778.jpg,Au-Quartz Vein Swarm,1.43,1.0515
A-ZK-004,Image_20251227112778.jpg,Au-Quartz Vein Swarm,1.36,0.621
A-ZK-004,Image_20251227112778.jpg,Au-Quartz Vein Swarm,2.19,7.0645
A-ZK-004,Image_20251227112779.jpg,Au-Quartz Vein Swarm,0.31,0.0917
A-ZK-004,Image_20251227112779.jpg,Au-Quartz Vein Swarm,3.38,0.7191
A-ZK-004,Image_20251227112779.jpg,Au-Quartz Vein Swarm,4.7,0.8275
A-ZK-004,Image_20251227112779.jpg,Au-Quartz Vein Swarm,5.68,11.5918
A-ZK-004,Image_20251227112780.jpg,Au-Quartz Vein Swarm,0.49,0.3475
A-ZK-004,Image_20251227112780.jpg,Au-Quartz Vein Swarm,1.41,0.2665
A-ZK-004,Image_20251227112780.jpg,Au-Quartz Vein Swarm,5.29,2.186
A-ZK-004,Image_20251227112780.jpg,Au-Quartz Vein Swarm,2.42,0.5227
A-ZK-004,Image_20251227112781.jpg,Au-Quartz Vein Swarm,4.63,5.6463
A-ZK-004,Image_20251227112781.jpg,Au-Quartz Vein Swarm,0.82,0.1107
A-ZK-004,Image_20251227112781.jpg,Au-Quartz Vein Swarm,7.41,9.88
A-ZK-004,Image_20251227112781.jpg,Au-Quartz Vein Swarm,0.75,0.2266
A-ZK-004,Image_20251227112782.jpg,Au-Quartz Vein Swarm,3.31,0.9822
A-ZK-004,Image_20251227112782.jpg,Au-Quartz Vein Swarm,3.37,1.8315
A-ZK-004,Image_20251227112782.jpg,Au-Quartz Vein Swarm,1.84,0.4455
A-ZK-004,Image_20251227112782.jpg,Au-Quartz Vein Swarm,4.13,0.9787
A-ZK-004,Image_20251227112783.jpg,Au-Quartz Vein Swarm,4.22,1.0876
A-ZK-004,Image_20251227112783.jpg,Au-Quartz Vein Swarm,3.88,2.1436
A-ZK-004,Image_20251227112783.jpg,Au-Quartz Vein Swarm,1.81,1.1987
A-ZK-004,Image_20251227112783.jpg,Au-Quartz Vein Swarm,1.51,0.7588
A-ZK-004,Image_20251227112784.jpg,Au-Quartz Vein Swarm,1.99,1.5076
A-ZK-004,Image_20251227112784.jpg,Au-Quartz Vein Swarm,1.32,0.2066
A-ZK-004,Image_20251227112784.jpg,Au-Quartz Vein Swarm,6.39,2.9721
A-ZK-004,Image_20251227112784.jpg,Au-Quartz Vein Swarm,2.15,0.6656
A-ZK-004,Image_20251227112785.jpg,Au-Quartz Vein Swarm,3.23,0.6129
A-ZK-004,Image_20251227112785.jpg,Au-Quartz Vein Swarm,5.27,4.1825
A-ZK-004,Image_20251227112785.jpg,Au-Quartz Vein Swarm,1.26,1.7746
A-ZK-004,Image_20251227112785.jpg,Au-Quartz Vein Swarm,0.71,0.5379
A-ZK-004,Image_20251227112786.jpg,Au-Quartz Vein Swarm,1.32,0.375
A-ZK-004,Image_20251227112786.jpg,Au-Quartz Vein Swarm,3.52,1.0571
A-ZK-004,Image_20251227112786.jpg,Au-Quartz Vein Swarm,3.33,0.8605
A-ZK-004,Image_20251227112786.jpg,Au-Quartz Vein Swarm,3.87,1.4771
A-ZK-004,Image_20251227112787.jpg,Au-Quartz Vein Swarm,2.62,1.0275
A-ZK-004,Image_20251227112787.jpg,Au-Quartz Vein Swarm,2.55,0.4412
A-ZK-004,Image_20251227112787.jpg,Au-Quartz Vein Swarm,5.78,0.8413
A-ZK-004,Image_20251227112787.jpg,Au-Quartz Vein Swarm,6.87,2.2378
A-ZK-004,Image_20251227112788.jpg,Au-Quartz Vein Swarm,3.07,0.9192
A-ZK-004,Image_20251227112788.jpg,Au-Quartz Vein Swarm,3.34,0.7325
A-ZK-004,Image_20251227112788.jpg,Au-Quartz Vein Swarm,4.56,0.6776
A-ZK-004,Image_20251227112788.jpg,Au-Quartz Vein Swarm,6.73,2.3614
A-ZK-004,Image_20251227112789.jpg,Au-Quartz Vein Swarm,2.85,0.6319
A-ZK-004,Image_20251227112789.jpg,Au-Quartz Vein Swarm,4.51,2.592
A-ZK-004,Image_20251227112789.jpg,Au-Quartz Vein Swarm,1.74,2.0964
A-ZK-004,Image_20251227112789.jpg,Au-Quartz Vein Swarm,0.83,0.4346
A-ZK-004,Image_20251227112790.jpg,Au-Quartz Vein Swarm,1.91,0.2442
A-ZK-004,Image_20251227112790.jpg,Au-Quartz Vein Swarm,7.82,1.7074
A-ZK-004,Image_20251227112790.jpg,Au-Quartz Vein Swarm,4.58,4.9783
A-ZK-004,Image_20251227112790.jpg,Au-Quartz Vein Swarm,0.92,0.1941
A-ZK-004,Image_20251227112791.jpg,Au-Quartz Vein Swarm,4.74,4.74
A-ZK-004,Image_20251227112791.jpg,Au-Quartz Vein Swarm,1.0,0.2611
A-ZK-004,Image_20251227112791.jpg,Au-Quartz Vein Swarm,3.83,3.1653
A-ZK-004,Image_20251227112791.jpg,Au-Quartz Vein Swarm,1.21,1.3908
A-ZK-004,Image_20251227112792.jpg,Au-Quartz Vein Swarm,0.87,0.0997
A-ZK-004,Image_20251227112792.jpg,Au-Quartz Vein Swarm,8.73,4.0605
A-ZK-004,Image_20251227112792.jpg,Au-Quartz Vein Swarm,2.15,0.4757
A-ZK-004,Image_20251227112792.jpg,Au-Quartz Vein Swarm,4.52,1.5322
A-ZK-004,Image_20251227112793.jpg,Au-Quartz Vein Swarm,2.95,2.7315
A-ZK-004,Image_20251227112793.jpg,Au-Quartz Vein Swarm,1.08,0.4596
A-ZK-004,Image_20251227112793.jpg,Au-Quartz Vein Swarm,2.35,2.156
A-ZK-004,Image_20251227112793.jpg,Au-Quartz Vein Swarm,1.09,0.083
A-ZK-004,Image_20251227112794.jpg,Au-Quartz Vein Swarm,13.14,2.5614
A-ZK-004,Image_20251227112794.jpg,Au-Quartz Vein Swarm,5.13,1.7629
A-ZK-004,Image_20251227112794.jpg,Au-Quartz Vein Swarm,2.91,0.6705
A-ZK-004,Image_20251227112794.jpg,Au-Quartz Vein Swarm,4.34,0.8875
A-ZK-004,Image_20251227112795.jpg,Au-Quartz Vein Swarm,4.89,0.998
A-ZK-004,Image_20251227112795.jpg,Au-Quartz Vein Swarm,4.9,1.0316
A-ZK-004,Image_20251227112795.jpg,Au-Quartz Vein Swarm,4.75,1.0603
A-ZK-004,Image_20251227112795.jpg,Au-Quartz Vein Swarm,4.48,1.4452
A-ZK-004,Image_20251227112796.jpg,Au-Quartz Vein Swarm,3.1,0.3744
A-ZK-004,Image_20251227112796.jpg,Au-Quartz Vein Swarm,8.28,2.5399
A-ZK-004,Image_20251227112796.jpg,Au-Quartz Vein Swarm,3.26,1.0976
A-ZK-004,Image_20251227112796.jpg,Au-Quartz Vein Swarm,2.97,0.9055
A-ZK-004,Image_20251227112797.jpg,Au-Quartz Vein Swarm,3.28,0.9452
A-ZK-004,Image_20251227112797.jpg,Au-Quartz Vein Swarm,3.47,6.94
A-ZK-004,Image_20251227112797.jpg,Au-Quartz Vein Swarm,0.5,0.3817
A-ZK-004,Image_20251227112797.jpg,Au-Quartz Vein Swarm,1.31,0.5
A-ZK-004,Image_20251227112798.jpg,Au-Quartz Vein Swarm,2.62,5.5745
A-ZK-004,Image_20251227112798.jpg,Au-Quartz Vein Swarm,0.47,0.1621
A-ZK-004,Image_20251227112798.jpg,Au-Quartz Vein Swarm,2.9,0.8455
A-ZK-004,Image_20251227112798.jpg,Au-Quartz Vein Swarm,3.43,4.3418
A-ZK-004,Image_20251227112799.jpg,Au-Quartz Vein Swarm,0.79,0.4847
A-ZK-004,Image_20251227112799.jpg,Au-Quartz Vein Swarm,1.63,0.2309
A-ZK-004,Image_20251227112799.jpg,Au-Quartz Vein Swarm,7.06,1.6119
A-ZK-004,Image_20251227112799.jpg,Au-Quartz Vein Swarm,4.38,1.0453
A-ZK-004,Image_20251227112800.jpg,Au-Quartz Vein Swarm,4.19,0.6476
A-ZK-004,Image_20251227112800.jpg,Au-Quartz Vein Swarm,6.47,4.8284
A-ZK-004,Image_20251227112800.jpg,Au-Quartz Vein Swarm,1.34,1.675
A-ZK-004,Image_20251227112800.jpg,Au-Quartz Vein Swarm,0.8,0.1363
A-ZK-004,Image_20251227112801.jpg,Au-Quartz Vein Swarm,5.87,2.1903
A-ZK-004,Image_20251227112801.jpg,Au-Quartz Vein Swarm,2.68,2.0615
A-ZK-004,Image_20251227112801.jpg,Au-Quartz Vein Swarm,1.3,2.6531
A-ZK-004,Image_20251227112801.jpg,Au-Quartz Vein Swarm,0.49,0.148
A-ZK-004,Image_20251227112802.jpg,Au-Quartz Vein Swarm,3.31,1.3621
A-ZK-004,Image_20251227112802.jpg,Au-Quartz Vein Swarm,2.43,1.1627
A-ZK-004,Image_20251227112802.jpg,Au-Quartz Vein Swarm,2.09,12.2941
A-ZK-004,Image_20251227112802.jpg,Au-Quartz Vein Swarm,0.17,0.0207
A-ZK-004,Image_20251227112803.jpg,Au-Quartz Vein Swarm,8.2,12.8125
A-ZK-004,Image_20251227112803.jpg,Au-Quartz Vein Swarm,0.64,0.2819
A-ZK-004,Image_20251227112803.jpg,Au-Quartz Vein Swarm,2.27,1.1582
A-ZK-004,Image_20251227112803.jpg,Au-Quartz Vein Swarm,1.96,0.4385
A-ZK-004,Image_20251227112804.jpg,Au-Quartz Vein Swarm,4.47,8.94
A-ZK-004,Image_20251227112804.jpg,Au-Quartz Vein Swarm,0.5,0.1225
A-ZK-004,Image_20251227112804.jpg,Au-Quartz Vein Swarm,4.08,1.2289
A-ZK-004,Image_20251227112804.jpg,Au-Quartz Vein Swarm,3.32,2.1282
A-ZK-004,Image_20251227112805.jpg,Au-Quartz Vein Swarm,1.56,0.392
A-ZK-004,Image_20251227112805.jpg,Au-Quartz Vein Swarm,3.98,1.3724
A-ZK-004,Image_20251227112805.jpg,Au-Quartz Vein Swarm,2.9,0.3033
A-ZK-004,Image_20251227112805.jpg,Au-Quartz Vein Swarm,9.56,3.9342
A-ZK-004,Image_20251227112806.jpg,Au-Quartz Vein Swarm,2.43,2.1316
A-ZK-004,Image_20251227112806.jpg,Au-Quartz Vein Swarm,1.14,0.2767
A-ZK-004,Image_20251227112806.jpg,Au-Quartz Vein Swarm,4.12,1.8899
A-ZK-004,Image_20251227112806.jpg,Au-Quartz Vein Swarm,2.18,0.7649
A-ZK-004,Image_20251227112807.jpg,Au-Quartz Vein Swarm,2.85,3.5625
A-ZK-004,Image_20251227112807.jpg,Au-Quartz Vein Swarm,0.8,0.1766
A-ZK-004,Image_20251227112807.jpg,Au-Quartz Vein Swarm,4.53,2.4096
A-ZK-004,Image_20251227112807.jpg,Au-Quartz Vein Swarm,1.88,0.5341
A-ZK-004,Image_20251227112808.jpg,Au-Quartz Vein Swarm,3.52,0.3143
A-ZK-004,Image_20251227112808.jpg,Au-Quartz Vein Swarm,11.2,4.8485
A-ZK-004,Image_20251227112808.jpg,Au-Quartz Vein Swarm,2.31,0.4629
A-ZK-004,Image_20251227112808.jpg,Au-Quartz Vein Swarm,4.99,2.0367
A-ZK-004,Image_20251227112809.jpg,Au-Quartz Vein Swarm,2.45,1.5506
A-ZK-004,Image_20251227112809.jpg,Au-Quartz Vein Swarm,1.58,0.2185
A-ZK-004,Image_20251227112809.jpg,Au-Quartz Vein Swarm,7.23,21.9091
A-ZK-004,Image_20251227112809.jpg,Au-Quartz Vein Swarm,0.33,0.0556
A-ZK-004,Image_20251227112810.jpg,Au-Quartz Vein Swarm,5.94,22.0
A-ZK-004,Image_20251227112810.jpg,Au-Quartz Vein Swarm,0.27,0.049
A-ZK-004,Image_20251227112810.jpg,Au-Quartz Vein Swarm,5.51,1.9066
A-ZK-004,Image_20251227112810.jpg,Au-Quartz Vein Swarm,2.89,2.5351
A-ZK-004,Image_20251227112811.jpg,Au-Quartz Vein Swarm,1.14,0.57
A-ZK-004,Image_20251227112811.jpg,Au-Quartz Vein Swarm,2.0,0.4175
A-ZK-004,Image_20251227112811.jpg,Au-Quartz Vein Swarm,4.79,0.4562
A-ZK-004,Image_20251227112811.jpg,Au-Quartz Vein Swarm,10.5,19.8113
A-ZK-004,Image_20251227112812.jpg,Au-Quartz Vein Swarm,0.53,0.4344
A-ZK-004,Image_20251227112812.jpg,Au-Quartz Vein Swarm,1.22,1.6712
A-ZK-004,Image_20251227112812.jpg,Au-Quartz Vein Swarm,0.73,0.3004
A-ZK-004,Image_20251227112812.jpg,Au-Quartz Vein Swarm,2.43,0.4324
A-ZK-004,Image_20251227112813.jpg,Au-Quartz Vein Swarm,5.62,9.0645
A-ZK-004,Image_20251227112813.jpg,Au-Quartz Vein Swarm,0.62,0.2199
A-ZK-004,Image_20251227112813.jpg,Au-Quartz Vein Swarm,2.82,0.5137
A-ZK-004,Image_20251227112813.jpg,Au-Quartz Vein Swarm,5.49,2.7868
A-ZK-004,Image_20251227112814.jpg,Au-Quartz Vein Swarm,1.97,0.5881
A-ZK-004,Image_20251227112814.jpg,Au-Quartz Vein Swarm,3.35,0.4883
A-ZK-004,Image_20251227112814.jpg,Au-Quartz Vein Swarm,6.86,6.86
A-ZK-004,Image_20251227112814.jpg,Au-Quartz Vein Swarm,1.0,2.6316
A-ZK-004,Image_20251227112815.jpg,Au-Quartz Vein Swarm,0.38,0.1035
A-ZK-004,Image_20251227112815.jpg,Au-Quartz Vein Swarm,3.67,0.9787
A-ZK-004,Image_20251227112815.jpg,Au-Quartz Vein Swarm,3.75,2.027
A-ZK-004,Image_20251227112815.jpg,Au-Quartz Vein Swarm,1.85,1.2013
A-ZK-004,Image_20251227112816.jpg,Au-Quartz Vein Swarm,1.54,0.5256
A-ZK-004,Image_20251227112816.jpg,Au-Quartz Vein Swarm,2.93,2.9898
A-ZK-004,Image_20251227112816.jpg,Au-Quartz Vein Swarm,0.98,1.0
A-ZK-004,Image_20251227112816.jpg,Au-Quartz Vein Swarm,0.98,0.2055
A-ZK-004,Image_20251227112817.jpg,Au-Quartz Vein Swarm,4.77,5.2418
A-ZK-004,Image_20251227112817.jpg,Au-Quartz Vein Swarm,0.91,2.2195
A-ZK-004,Image_20251227112817.jpg,Au-Quartz Vein Swarm,0.41,0.2662
A-ZK-004,Image_20251227112817.jpg,Au-Quartz Vein Swarm,1.54,0.8148
A-ZK-004,Image_20251227112818.jpg,Au-Quartz Vein Swarm,1.89,0.4632
A-ZK-004,Image_20251227112818.jpg,Au-Quartz Vein Swarm,4.08,2.4578
A-ZK-004,Image_20251227112818.jpg,Au-Quartz Vein Swarm,1.66,0.2161
A-ZK-004,Image_20251227112818.jpg,Au-Quartz Vein Swarm,7.68,2.5098
A-ZK-004,Image_20251227112819.jpg,Au-Quartz Vein Swarm,3.06,2.2836
A-ZK-004,Image_20251227112819.jpg,Au-Quartz Vein Swarm,1.34,0.3392
A-ZK-004,Image_20251227112819.jpg,Au-Quartz Vein Swarm,3.95,0.5204
A-ZK-004,Image_20251227112819.jpg,Au-Quartz Vein Swarm,7.59,1.6253
A-ZK-004,Image_20251227112820.jpg,Au-Quartz Vein Swarm,4.67,8.193
A-ZK-004,Image_20251227112820.jpg,Au-Quartz Vein Swarm,0.57,0.2794
A-ZK-004,Image_20251227112820.jpg,Au-Quartz Vein Swarm,2.04,0.5862
A-ZK-004,Image_20251227112820.jpg,Au-Quartz Vein Swarm,3.48,0.7682
A-ZK-004,Image_20251227112821.jpg,Au-Quartz Vein Swarm,4.53,1.8566
A-ZK-004,Image_20251227112821.jpg,Au-Quartz Vein Swarm,2.44,1.1296
A-ZK-004,Image_20251227112821.jpg,Au-Quartz Vein Swarm,2.16,0.2271
A-ZK-004,Image_20251227112821.jpg,Au-Quartz Vein Swarm,9.51,2.0148
A-ZK-004,Image_20251227112822.jpg,Au-Quartz Vein Swarm,4.72,1.1919
A-ZK-004,Image_20251227112822.jpg,Au-Quartz Vein Swarm,3.96,2.289
A-ZK-004,Image_20251227112822.jpg,Au-Quartz Vein Swarm,1.73,1.7835
A-ZK-004,Image_20251227112822.jpg,Au-Quartz Vein Swarm,0.97,0.2413
A-ZK-004,Image_20251227112823.jpg,Au-Quartz Vein Swarm,4.02,0.7867
A-ZK-004,Image_20251227112823.jpg,Au-Quartz Vein Swarm,5.11,1.7993
A-ZK-004,Image_20251227112823.jpg,Au-Quartz Vein Swarm,2.84,0.6004
A-ZK-004,Image_20251227112823.jpg,Au-Quartz Vein Swarm,4.73,0.9813
A-ZK-004,Image_20251227112824.jpg,Au-Quartz Vein Swarm,4.82,0.8993
A-ZK-004,Image_20251227112824.jpg,Au-Quartz Vein Swarm,5.36,9.5714
A-ZK-004,Image_20251227112824.jpg,Au-Quartz Vein Swarm,0.56,0.2679
A-ZK-004,Image_20251227112824.jpg,Au-Quartz Vein Swarm,2.09,0.4976
A-ZK-004,Image_20251227112825.jpg,Au-Quartz Vein Swarm,4.2,1.4141
A-ZK-004,Image_20251227112825.jpg,Au-Quartz Vein Swarm,2.97,0.6149
A-ZK-004,Image_20251227112825.jpg,Au-Quartz Vein Swarm,4.83,1.2197
A-ZK-004,Image_20251227112825.jpg,Au-Quartz Vein Swarm,3.96,20.8421
A-ZK-004,Image_20251227112826.jpg,Au-Quartz Vein Swarm,0.19,0.0302
A-ZK-004,Image_20251227112826.jpg,Au-Quartz Vein Swarm,6.29,3.3636
A-ZK-004,Image_20251227112826.jpg,Au-Quartz Vein Swarm,1.87,1.4841
A-ZK-004,Image_20251227112826.jpg,Au-Quartz Vein Swarm,1.26,0.2049
A-ZK-004,Image_20251227112827.jpg,Au-Quartz Vein Swarm,6.15,1.3457
A-ZK-004,Image_20251227112827.jpg,Au-Quartz Vein Swarm,4.57,0.676
A-ZK-004,Image_20251227112827.jpg,Au-Quartz Vein Swarm,6.76,1.9259
A-ZK-004,Image_20251227112827.jpg,Au-Quartz Vein Swarm,3.51,1.6957
A-ZK-004,Image_20251227112828.jpg,Au-Quartz Vein Swarm,2.07,0.6469
A-ZK-004,Image_20251227112828.jpg,Au-Quartz Vein Swarm,3.2,3.0476
A-ZK-004,Image_20251227112828.jpg,Au-Quartz Vein Swarm,1.05,1.4789
A-ZK-004,Image_20251227112828.jpg,Au-Quartz Vein Swarm,0.71,0.441
A-ZK-004,Image_20251227112829.jpg,Au-Quartz Vein Swarm,1.61,0.1963
A-ZK-004,Image_20251227112829.jpg,Au-Quartz Vein Swarm,8.2,4.6328
A-ZK-004,Image_20251227112829.jpg,Au-Quartz Vein Swarm,1.77,4.2143
A-ZK-004,Image_20251227112829.jpg,Au-Quartz Vein Swarm,0.42,0.168
A-ZK-004,Image_20251227112830.jpg,Au-Quartz Vein Swarm,2.5,1.4286
A-ZK-004,Image_20251227112830.jpg,Au-Quartz Vein Swarm,1.75,0.2743
A-ZK-004,Image_20251227112830.jpg,Au-Quartz Vein Swarm,6.38,0.8179
A-ZK-004,Image_20251227112830.jpg,Au-Quartz Vein Swarm,7.8,3.9394
A-ZK-004,Image_20251227112831.jpg,Au-Quartz Vein Swarm,1.98,0.5641
A-ZK-004,Image_20251227112831.jpg,Au-Quartz Vein Swarm,3.51,0.9385
A-ZK-004,Image_20251227112831.jpg,Au-Quartz Vein Swarm,3.74,1.365
A-ZK-004,Image_20251227112831.jpg,Au-Quartz Vein Swarm,2.74,1.1709
A-ZK-004,Image_20251227112832.jpg,Au-Quartz Vein Swarm,2.34,1.9831
A-ZK-004,Image_20251227112832.jpg,Au-Quartz Vein Swarm,1.18,3.4706
A-ZK-004,Image_20251227112832.jpg,Au-Quartz Vein Swarm,0.34,0.2881
A-ZK-004,Image_20251227112832.jpg,Au-Quartz Vein Swarm,1.18,0.4436
A-ZK-004,Image_20251227112833.jpg,Au-Quartz Vein Swarm,2.66,4.2903
A-ZK-004,Image_20251227112833.jpg,Au-Quartz Vein Swarm,0.62,0.184
A-ZK-004,Image_20251227112833.jpg,Au-Quartz Vein Swarm,3.37,1.1159
A-ZK-004,Image_20251227112833.jpg,Au-Quartz Vein Swarm,3.02,1.7257
A-ZK-004,Image_20251227112834.jpg,Au-Quartz Vein Swarm,1.75,0.7743
A-ZK-004,Image_20251227112834.jpg,Au-Quartz Vein Swarm,2.26,2.9737
A-ZK-004,Image_20251227112834.jpg,Au-Quartz Vein Swarm,0.76,0.1437
A-ZK-004,Image_20251227112834.jpg,Au-Quartz Vein Swarm,5.29,
